"","traits.species","scale.traits_log.log.traits.No_of_Note_Types...center...TRUE..","scale.traits_log.log.traits.Note.Count...center...TRUE..scale...TRUE.","scale.traits_log.log.traits.Song.Duration...center...TRUE..scale...TRUE.","scale.traits_log.log.traits.Song.Bandwidth...center...TRUE..scale...TRUE.","scale.traits_log.log.traits.Note_Peak_Freq_Average...center...TRUE..","scale.traits_log.log.traits.Note_Min_Freq_Average...center...TRUE..","scale.traits_log.log.traits.Note.Max.Freq.Average...center...TRUE..","scale.traits_log.log.traits.Note_Rate...center...TRUE..scale...TRUE.","scale.traits_log.log.as.numeric.traits.Pace1....center...TRUE.."
"1","Acanthisitta chloris",-1.01292796368967,-1.51205404508439,-2.25256274907957,-0.115421964125658,1.90985974846376,1.88684869922868,1.83576642975708,2.02691270054029,NA
"2","Aegotheles bennettii",-1.01292796368967,-1.51205404508439,-1.29548823139613,0.0942767070609827,-0.217912558263112,-0.299120549529937,0.0743476237247872,NA,NA
"3","Alca torda",-1.01292796368967,-1.51205404508439,-0.719829098109533,0.140949353187091,-0.764893984493413,-1.57878764792953,-0.306664942090688,NA,NA
"4","Gallicolumba beccarii",-1.01292796368967,-1.51205404508439,-1.55504040634229,-2.2951595290736,-1.76589099333753,-1.33520007643925,-2.01032128526562,NA,NA
"5","Anas platyrhynchos",-1.01292796368967,-1.51205404508439,-1.85526738155557,-0.63150829232062,0.122981076359168,0.276970386350079,0.0654299825602674,0.579104380427526,NA
"6","Anser cygnoides",-1.01292796368967,-1.51205404508439,-2.0694227463324,-0.224321003534493,-0.565015464751076,-0.279390299631551,-0.143874562491889,NA,NA
"7","Aptenodytes forsteri",-1.01292796368967,-1.51205404508439,-0.671939999954399,-1.27506723774905,-0.848344430341665,-0.703644013729658,-1.04179190142222,NA,NA
"8","Aquila chrysaetos",-1.01292796368967,-1.51205404508439,-2.08197134296838,-0.718729270011004,-0.514395279622469,-0.578604531363414,-0.649738452400919,1.17760273645569,NA
"9","Cairina scutulata",-1.01292796368967,-1.51205404508439,-0.939575571587155,-1.80558604103015,-0.66804555055856,-0.315055499867291,-0.870183200725882,NA,NA
"10","Buceros rhinoceros",-1.01292796368967,-1.51205404508439,-1.26813552648067,-0.923512323364626,-0.856952890423174,-0.679966455696295,-0.840006533555809,-0.452115315156408,NA
"11","Bucorvus abyssinicus",-1.01292796368967,-1.51205404508439,-1.45455766268484,-2.41183643248335,-2.97247023300961,-2.68059677560433,-3.05697678069927,NA,NA
"12","Cairina moschata",-1.01292796368967,-1.51205404508439,-1.80483788375306,-0.452342718427003,-1.13483413890769,-1.02483483453937,-0.708423708150647,0.840609410916689,NA
"13","Philomachus pugnax",-1.01292796368967,-1.51205404508439,-2.22287094540185,-1.45680544435904,-0.846246878584653,-0.54536206739228,-0.984683155419523,NA,NA
"14","Cephalopterus ornatus",-1.01292796368967,-1.51205404508439,-0.398924857373118,-2.32253194037918,-2.80445617290308,-2.49425199678181,-2.88902487851237,NA,NA
"15","Cepphus grylle",-1.01292796368967,-1.51205404508439,-0.419516016248938,-1.24424567208114,0.89945615723439,1.06696335293013,0.746190339054855,-1.46178088069058,NA
"16","Cisticola juncidis",-1.01292796368967,-1.51205404508439,-2.1066421652805,0.631564998717783,1.39585161879168,1.13422809931188,1.33586296227933,1.01323302314992,NA
"17","Cnemophilus loriae",-1.01292796368967,-1.51205404508439,-1.21511251512994,-0.988724391760394,0.38538747599106,0.591039040957455,0.264485025492062,-0.601109164631551,NA
"18","Crypturellus cinnamomeus",-0.854411878835423,-1.40507972472842,-0.770012384227598,-1.81365298118221,-0.562158128440718,-0.21137743019814,-0.766007052881256,-0.807055907181766,NA
"19","Dicaeum eximium",-1.01292796368967,-1.51205404508439,-2.81273843687229,-1.14804928921836,1.43007543794981,1.54373468988915,1.31479899089044,NA,NA
"20","Dromaius novaehollandiae",-1.01292796368967,-1.51205404508439,-1.34717106874193,-1.83241103035541,-3.28715393167685,-4.16361003239086,-2.91469889062676,-0.335554994840672,NA
"21","Dulus dominicus",-1.01292796368967,-1.51205404508439,-1.16042659663299,1.16123313302211,0.728681742027685,-0.249733567419886,1.06207620248381,-0.285931387821265,NA
"22","Platysteira castanea",-1.01292796368967,-1.51205404508439,-2.03524280396622,-1.12769491460341,-0.548368107259357,-0.274271776824427,-0.616420461600409,0.969799782517514,NA
"23","Egretta garzetta",-1.01292796368967,-1.51205404508439,-0.718317249251521,-0.669278648961706,-0.442914726673773,-0.202595825555335,-0.351385719768323,-1.15818749381824,NA
"24","Eurypyga helias",-1.01292796368967,-1.51205404508439,-0.249140804585843,-1.73185644359734,-0.377022002561708,-0.0310473353899388,-0.555536085823173,-1.87486982694345,NA
"25","Eurystomus gularis",-1.01292796368967,-1.51205404508439,-1.26252783216016,-0.582294811466705,0.29066380562572,0.393732040677486,0.189296951490158,-0.300760970064268,NA
"26","Fregata magnificens",-1.01292796368967,-1.51205404508439,-0.361907438647802,-1.37382760472848,-0.0556371593850257,0.165816555384692,-0.268611635018066,NA,NA
"27","Galbula dea",-1.01292796368967,-1.51205404508439,-1.99653249858672,-0.431597662772175,-0.103584092592506,-0.290436506091934,-0.282795428999904,1.50635296553196,NA
"28","Gavia stellata",-1.01292796368967,-1.51205404508439,-0.305088932768828,-1.28766920395029,-0.344124366989503,-0.0999615856260878,-0.511678576373671,-1.74281054059541,NA
"29","Herpetotheres cachinnans",-1.01292796368967,-1.2815869348846,-0.799253795557634,-0.799437558801721,-0.456973583415164,-0.497501838348398,-0.655242141382153,-0.834085747428134,NA
"30","Himantopus himantopus",-1.01292796368967,-1.51205404508439,-2.20268846421791,-0.644734558933601,0.397338261452678,0.470479845381081,0.239163471224518,0.944785888265967,NA
"31","Jacana jacana",-1.01292796368967,-1.51205404508439,-1.93630104141189,-0.563803059641118,0.215043806138853,0.31166682763964,0.122378090751967,1.07075114329847,NA
"32","Melospiza melodia",1.43059952043528,0.95200277120243,0.370457386270854,1.37632937650811,0.976881103021601,1.04187960020428,0.936146736262999,0.562920700370465,0.294602778671647
"33","Numida meleagris",-0.0315718325319813,-0.849787466558385,-1.03182013097677,-1.15948467296779,-0.264970386635125,0.0441674619210278,-0.43261737433936,0.53306138496786,NA
"34","Nyctibius grandis",-1.01292796368967,-1.51205404508439,-0.228161438218007,-0.825880416690702,-1.39704367229359,-1.73361567445786,-1.32067755017927,NA,NA
"35","Onychorhynchus coronatus",-1.01292796368967,-1.51205404508439,-1.53480554179547,0.119058159453642,0.360146624057377,-0.150623535715015,0.170670855166229,NA,NA
"36","Oxyruncus cristatus",-1.01292796368967,-1.51205404508439,0.72356136171063,0.832320405609651,0.644305482677584,0.691962253074246,1.15311387223778,NA,NA
"37","Panurus biarmicus",-1.01292796368967,-1.51205404508439,-1.59659339018081,0.751670842086833,0.977731534128981,0.500029002794701,0.987394130011403,0.227589493242684,NA
"38","Passer domesticus",-1.01292796368967,-1.51205404508439,-1.73763729304607,0.700561577606552,0.873553257378731,0.364207509564112,0.876918530844055,NA,NA
"39","Phaethon lepturus",-1.01292796368967,-1.51205404508439,-2.81273843687229,0.423020974303594,0.38219340795319,0.0986347497390782,0.529183085609806,NA,NA
"40","Phaetusa simplex",-1.01292796368967,-1.51205404508439,-1.14930099673471,-0.408854731716146,0.113514551249028,-0.0284437115937008,-0.0845393778343676,-0.473877250394591,NA
"41","Pluvianellus socialis",-1.01292796368967,-1.51205404508439,-0.83117551482645,0.00122488011324081,0.374315769642689,0.0643230485332582,0.217925013586343,-0.564781221201826,NA
"42","Pygoscelis adeliae",-1.01292796368967,-1.51205404508439,-0.923186145006405,-1.01536874418767,-0.354019646353914,-0.250669813411724,-0.550225258360664,-0.842550228360696,NA
"43","Rhinoptilus africanus",-1.01292796368967,-1.51205404508439,-2.25925330198489,-1.24625669338598,0.50351329598663,0.685977921834041,0.315442041234945,1.39539018677381,NA
"44","Rostratula benghalensis",-1.01292796368967,-1.51205404508439,-1.63419276578518,-1.49946048621765,-1.42928963814954,-1.02278268691229,-1.4026337086212,0.0816767257666072,NA
"45","Todus mexicanus",-1.01292796368967,-1.51205404508439,-1.78744970528936,0.422170021477258,0.762859093531234,0.606357053556559,0.835350034339087,0.169120034655414,NA
"46","Turnix velox",-1.01292796368967,-1.51205404508439,-0.085871041902246,-2.23727837368621,-2.38173745960488,-1.93237030245848,-2.47213090438855,NA,NA
"47","Tyto alba",-1.01292796368967,-1.51205404508439,-0.117831617079077,0.0258932719609466,0.320961699847414,0.353313874109991,0.430997091562173,-2.43303328502364,NA
"48","Aphelocoma coerulescens",-1.01292796368967,-1.51205404508439,-1.26856867482015,0.775900410797781,0.339562476346165,-0.274695477682337,0.673305380907487,-0.581441291084152,NA
"49","Anseranas semipalmata",-0.40652316006191,-0.95676178691436,-1.28389287972815,-0.0841639866399103,-0.562395983369236,-0.679412542750425,-0.283931389490318,0.384022593645516,NA
"50","Balearica regulorum",-0.671418488565406,-0.95676178691436,-0.632057385776585,-0.576628935123991,-0.820633651144967,-0.430834203449112,-0.968142809616982,-0.546357789122149,NA
"51","Callipepla squamata",-0.190087917386233,-0.95676178691436,-0.641274652301187,-0.406845908833228,-0.086025086120865,-0.0778760030691233,-0.157205543423007,-0.547431737842727,NA
"52","Chauna torquata",-0.190087917386233,-0.95676178691436,-0.949588574765137,-0.888891757613994,-0.465811928775858,-0.274665738520699,-0.635878609494049,0.0107769752529405,NA
"53","Cuculus canorus",-0.190087917386233,-0.95676178691436,-0.865802792603489,-1.55525136578177,-1.56230273769855,-1.26384912954628,-1.73921604630663,-0.216605737550419,NA
"54","Eulacestoma nigropectus",-0.61349933074398,-1.24250028604872,0.0609285834943148,-1.89480644756726,0.527240623990856,0.784489028903118,0.346068201780173,-1.98122233864155,NA
"55","Formicarius rufipectus",-1.01292796368967,-0.95676178691436,-0.681891182770685,-1.6636523967137,-0.139772280555285,0.170221468858882,-0.343839793305214,-0.480864996972824,NA
"56","Hylia prasina",-1.01292796368967,-0.95676178691436,-0.577720668090197,-1.33205224796845,0.462191880670831,0.686503213403256,0.284927435011973,-0.647568668653571,NA
"57","Malurus elegans",1.2970760903664,1.49173886316802,0.832980393540438,1.10644968460925,1.2942747870368,1.24664156665711,1.35421260070041,0.663259295989496,-0.428332273354712
"58","Neopipo cinnamomea",1.40506934820615,0.611621457027749,0.995737314844623,0.236040010863116,0.927361655644564,1.051575469155,0.764076562620718,-0.866409770436098,-1.13816759405787
"59","Opisthocomus hoazin",-1.01292796368967,-1.51205404508439,-1.76105606783302,-1.22855563315514,-0.808539952763097,-0.57745389478587,-0.917675539603896,NA,NA
"60","Pardalotus punctatus",-1.01292796368967,-0.95676178691436,-1.3762057376575,-1.51857979573117,0.505339479920693,0.74531830991686,0.324492532564705,0.559528152415045,NA
"61","Penelope pileata",-1.01292796368967,-0.95676178691436,-1.07516541798556,-0.761055338225342,-0.710641406602283,-0.654513061411119,-0.750628128628176,0.0992146526119176,NA
"62","Podiceps cristatus",-0.293379754212627,-1.02646811389678,-0.333876116219885,-0.361893787449805,-0.860329827693884,-0.978207832986151,-0.717515275420336,-1.05636787339235,NA
"63","Rhea americana",-1.01292796368967,-0.95676178691436,-0.361030638849345,-2.33095463388495,-3.62888093975674,-3.48675100220989,-3.42459105677645,-0.942479663815649,NA
"64","Scytalopus superciliaris",-0.190087917386233,-0.95676178691436,-1.01395265905007,0.291965213599636,0.778061681789627,0.708905246911692,0.760113705619488,0.0046345879867836,NA
"65","Serilophus lunatus",-0.190087917386233,-0.95676178691436,-1.00507648584573,-0.685427513300834,0.263199190502497,0.515737529265901,0.0847324691799062,0.0438494575882168,NA
"66","Struthio camelus",-0.190087917386233,-0.508443849100301,1.46547508012852,-2.22949667594939,-3.12172324965347,-2.90375563489594,-3.09377264989034,-2.35735724419454,-5.29423824360527
"67","Sula dactylatra",-0.40652316006191,-0.631936638944119,0.106535067365133,0.26346425630862,0.35416573253879,0.241007377796561,0.280022888769011,-1.07486892814523,NA
"68","Thinocorus orbignyianus",-0.190087917386233,-0.95676178691436,-1.20989580815574,-1.55595902868051,-1.17520470879516,-0.857779749591931,-1.35172458360601,0.327518913236312,NA
"69","Upupa epops",-1.01292796368967,-0.892638182086051,-0.990478781526455,-1.91532635664035,-1.65627667017198,-1.23100173053063,-1.78956677655552,0.0649439477917994,NA
"70","Baryphthengus martii",-0.190087917386233,-0.833268997070542,-1.55120345369168,-1.84104371258489,-2.08634525134021,-1.81406023075933,-2.25498510949749,1.03835543197116,NA
"71","Notiomystis cincta",0.187950816966546,-0.701642965926541,-0.745639378548358,1.60122118633812,1.32651879293297,1.37911176359834,1.4945392819221,0.0059277097872938,NA
"72","Drymodes brunneopygia",0.0748074111172636,-0.677727238090699,-0.518864798537217,0.510139788944579,0.582982970990578,0.610234971801536,0.596293560320225,-0.33503980278186,NA
"73","Bucco capensis",-0.0650136849376415,-0.240708745526955,0.193736558638851,-0.833582605151709,-0.55149907291616,-0.412464667148834,-0.693152789412025,-0.78520668807015,-0.504430160707022
"74","Coturnix japonica",-0.00709452711621539,-0.631936638944119,-0.81983192651638,0.160849656194588,0.0445202747274682,0.183202102846303,0.207573569472354,0.16516428719115,NA
"75","Cettia vulcania",0.355426244379853,-0.631936638944119,-0.00896215968472817,0.55419921528697,0.636466609902076,0.651602043692435,0.634448291987642,-1.07906396948271,NA
"76","Nicator chloris",0.974261604041478,0.563054018403881,0.245500988955822,0.0502681801812794,-0.352853209835005,-0.238870504083837,-0.347952522966258,0.207073124996118,-0.159552357213262
"77","Parus atricapillus",-0.0950686384574196,-0.631936638944119,-0.382885439449286,-0.49553009375108,0.629068699157207,0.846636014475593,0.458987944124153,-0.504099394712758,NA
"78","Pomatorhinus ruficollis",0.291242653792941,-0.631936638944119,-0.72228741141829,-0.76490090638584,-0.33966378107691,-0.112074113452054,-0.458136312106786,0.0223341201488031,NA
"79","Leptosomus discolor",0.291242653792941,-0.588622447911997,0.344747003094909,-0.347356541323096,-0.26904169599399,-0.380113171007837,-0.373469070751732,-1.54483939558211,NA
"80","Pachycephala philippinensis",0.121366604218257,-0.580233707522706,-0.351009971506379,0.152563794506944,0.295814506539509,0.400238000677437,0.305861233289635,-0.443260224834679,-0.185815941825558
"81","Rhodinocichla rosea",0.529460292090815,-0.401469528744326,-0.215229641685098,0.489683489961857,-0.0106049775539196,-0.129157582289001,-0.095867894061186,-0.0422190150137526,0.522902518661101
"82","Vireo altiloquus",0.416316886241532,-0.508443849100301,-0.540304235210406,0.876984278571047,0.482110079254911,0.268676934166349,0.695229211012578,-0.039796500706228,-0.536209473725979
"83","Caprimulgus carolinensis",0.632752128917209,-0.401469528744326,-0.40995057075214,-0.0802052038825822,-0.273647199947331,-0.199793544822426,-0.182272362522295,-0.139026912379976,0.0660232338322894
"84","Calonectris diomedea",-0.190087917386233,-0.401469528744326,0.0771092914123573,0.545818693786256,0.604010967938311,0.778522931015342,0.485858689733455,-0.884102068501188,NA
"85","Probosciger aterrimus",0.632752128917209,-0.401469528744326,0.945246335221579,0.707920703367047,0.107043409350208,0.199757333739533,0.160552195836095,-0.726646178143536,-0.483166480077498
"86","Strix occidentalis",0.291242653792941,-0.401469528744326,0.570479866913935,-1.16798080575583,-1.55450152813341,-1.7330716506919,-1.69255364305227,-1.62775353440282,NA
"87","Heliornis fulica",-0.796492721013997,-0.485875669752259,-0.160824044496077,-1.01788443289997,-1.23958640758838,-1.0405789219186,-1.32329588413706,-0.466791830022068,-0.70982485733542
"88","Psophodes occidentalis",0.0748074111172636,-0.307111490973878,-0.473392309792324,0.397591112294998,0.56304501311683,0.799466497030724,0.382176632089227,0.125182909973027,0.904710767716346
"89","Tichodroma muraria",0.727771407846022,-0.307111490973878,0.29269851928082,0.459739536838194,0.469732779847181,0.651903322801451,0.32847968442583,-0.980973683545065,-0.801280759340648
"90","Ifrita kowaldi",0.291242653792941,-0.222705349965946,0.0379117638719008,1.04333242343443,0.957293312704802,0.698398172059398,1.00719343496153,-0.577985180517799,-0.350815722611229
"91","Oreocharis arfaki",-0.190087917386233,-0.95676178691436,-0.476464403543316,0.237390873616903,1.53067744491171,1.52829568408769,1.4930026435997,-0.809288291530841,NA
"92","Pycnonotus jocosus",0.632752128917209,-0.222705349965946,-0.522915188875794,0.379093644548988,0.24148684401678,0.280201682424836,0.170585268773403,0.317283672420896,0.337472811009999
"93","Stercorarius parasiticus",-0.531597392510501,3.18091435073772,3.48531038842306,2.33969715131603,-0.18238424246149,-0.598539369604829,0.00111131681265562,-1.30796124142583,1.67277305959325
"94","Catharus fuscescens",0.474236044062958,-0.249864472463205,0.0553269595227662,0.440274810272914,0.539863290899503,0.594835709695078,0.596683389940203,-0.660578666083759,-0.331506775669476
"95","Anhinga anhinga",-1.01292796368967,-0.249864472463205,-0.161852810044484,-0.439979283243702,-0.297478090014656,-0.11865269060882,-0.294918965595534,-0.275386201281666,-0.255995577635689
"96","Ibidorhyncha struthersii",-0.531597392510501,-0.249864472463205,-0.746275253143904,0.279198359355541,0.640363401822988,0.544461287251764,0.496419045038755,0.569877764698776,0.942234746216815
"97","Oriolus oriolus",0.815745519187227,-0.146350707756507,-0.457936671262514,-0.0275221516861267,-0.204790567442756,-0.0224462319902761,-0.362825341231192,0.350974151396286,0.863614851813592
"98","Columba livia",-0.0241755017250557,-0.17602511454015,-0.559659583742873,-0.961763213708196,-2.17956218948339,-2.03156751723561,-1.80215753116514,0.408784291329025,1.55376031458501
"99","Anthoscopus minutus",-1.01292796368967,-0.00376530751753232,0.284884466122403,1.00547971657199,1.24045028747478,1.05292558528136,1.44508460469766,-0.656079139031788,-0.687184694053595
"100","Dicrurus megarhynchus",0.291242653792941,-0.0766443807740853,0.0876736987620846,0.356781317499941,-0.302774669289164,-0.863127319156388,-0.373187787714952,-0.454274433780054,-1.1469194535074
"101","Hypocryptadius cinnamomeus",0.632752128917209,-0.0766443807740853,0.0146258888912575,0.659806057741554,0.376549180519572,0.511330938369116,0.448173822976969,-0.34322373532794,-0.953002962558197
"102","Charadrius vociferus",-0.436578113581688,-0.202923668686728,0.429073352218821,-0.401402895602949,0.802242030756407,0.901088597022836,0.660354750917197,-0.691951066381655,-1.14119348825222
"103","Certhia brachydactyla",1.14660822111401,-0.0333301897419632,-0.189834707332576,0.564749439764189,1.20009782520711,1.27201520620309,1.16676108917922,0.040959833357184,-0.238891353732552
"104","Aleadryas rufinucha",-1.01292796368967,-0.435564775843748,-0.478960828395948,0.190431933793786,0.419378747123824,0.432023557446445,0.512629100999434,-0.0857543345466575,0.584934496349513
"105","Furnarius figulus",-0.531597392510501,-0.0546945861631199,-0.146571323806405,0.385680924746512,0.291195799799662,0.179939759048488,0.402978133541411,-0.0785532516446898,0.0952089554163905
"106","Colius striatus",-0.436578113581688,0.0610278480284848,-0.128932508147761,0.481594508177315,0.728291613186017,0.630513113776177,0.651503735603197,0.304654030224549,0.687638581000519
"107","Aegithalos caudatus",-1.01292796368967,-0.277976738900508,-0.0719155773107738,0.0908237374734122,1.33544267835463,1.39258376549037,1.2002393429536,2.08159969753568,0.576453973564166
"108","Burhinus bistriatus",-1.01292796368967,0.408941550413526,-0.0869887497503683,-1.16439084029968,0.223249056491209,0.438739709211997,0.0171220347842118,0.843593451551249,1.32659796855952
"109","Geospiza fortis",-0.190087917386233,-0.0125207759457771,-0.0802227413570622,0.971564116479735,0.485754004935835,0.417405894808275,0.739158835105377,-0.108251930194724,-0.219583173936135
"110","Lanius ludovicianus",0.727771407846022,0.0656990996722903,-0.577383985540955,0.882025157506519,0.303952807525031,0.452448964040124,0.252132180541579,1.26573552654475,1.77382855690354
"111","Erpornis zantholeuca",0.632752128917209,0.0275434415130648,-0.518554157732932,0.509458107470306,1.01843939459401,1.04731035993443,1.00423692501393,0.620796755600203,1.44000021847379
"112","Alectura lathami",-0.671418488565406,-0.337345923916018,-0.118909431678127,-1.39354450490767,-2.38964417990552,-2.49052187453834,-2.21229900188332,-0.10233663705689,-0.130651689593442
"113","Peucedramus taeniatus",-0.190087917386233,0.102119798004295,-0.209102717282125,0.469171946548291,0.608518366911233,0.56513503323818,0.576992403905157,0.229547939100032,-0.0365017520168516
"114","Rhagologus leucostigma",1.35230033839426,0.277315519269525,0.493419658644512,0.709631910747614,0.461898127965417,0.500768819603228,0.399430430521506,-0.572715744608299,-0.581113924417914
"115","Rhinopomastus cyanomelas",-1.01292796368967,0.0749606755070361,0.679260509607423,-0.578766845975908,-0.338546092067375,-0.341641940609247,-0.52249340219718,-1.1529714963343,-1.25596939877122
"116","Sclerurus mexicanus",-0.0769445115369496,0.153822729425707,0.451315477803852,0.305065967745481,0.769235466281284,0.800919178103126,0.671804231251473,-0.454407704142973,-0.651563252679651
"117","Rhegmatorhina hoffmannsi",0.291242653792941,0.186525939012227,0.584636124508916,0.512914735232708,0.420124703563564,0.226125640904108,0.370449751342445,-0.818331850519156,-1.42565747501575
"118","Chaetops frenatus",-0.348604002240484,0.461781625229709,1.23197379839175,0.433137943074778,0.680570164810745,0.639310517981549,0.629686424841838,-0.524948208010469,-0.0874565587695054
"119","Phalacrocorax carbo",-0.454983245889729,-0.191284954724157,-0.557690991652096,-0.769618827533804,-1.1548970641558,-1.15378230948101,-1.2144567590346,0.559827479695306,0.864827999866622
"120","Pachyramphus minor",0.853675495102436,0.189433809308708,1.75702950505473,1.06559774304059,0.626292344458491,0.654765787339895,0.591872578449417,-0.608268650291507,-0.211243071265683
"121","Bombycilla garrulus",-1.01292796368967,0.675019740496319,-0.758247593597944,0.566534760699974,1.19880771175101,1.10272301963117,1.11043937030399,1.86239159617389,2.0310606119616
"122","Dryoscopus gambensis",0.897647457420705,0.248180767196156,0.234997959260222,1.0876148232941,0.847657921267943,0.589152481963344,0.900172636416188,-0.176469761462962,-0.5378653077297
"123","Syrrhaptes paradoxus",-0.0769445115369496,0.133540193246084,0.0532986833008571,-0.0600779610222947,0.0641516061539003,-0.121799190209341,-0.11249214561635,0.632753478797685,-0.0109989826006759
"124","Sylvietta virens",1.48006948063642,0.277315519269525,-0.106697882631377,0.433569640763195,0.841950273439816,0.93137132009779,0.784637994491408,0.298059120503295,0.651480720396428
"125","Cariama cristata",-1.01292796368967,0.291494958228278,0.472190391159763,-0.392926469881044,-0.455535627097318,-0.257361621774148,-0.668758784366614,-0.511951042514679,-0.68769322426122
"126","Dasyornis broadbenti",1.01079086326999,0.291494958228278,0.333120167439118,1.27930710954247,0.949757797753483,0.970439475740161,0.916659075541476,-0.301188666999879,-0.490458123376121
"127","Brachypteracias leptosomus",-1.01292796368967,-1.51205404508439,-2.0205500921461,-1.5238572133001,-1.91186056126868,-1.67793859422053,-1.86017110761187,0.765011716201832,NA
"128","Parus major",-0.00709452711621539,0.332586908204088,0.186689854203701,0.490756271700522,0.827473512021434,0.986392376254932,0.706178710684094,-0.00860684492626695,-0.00234629599437446
"129","Rhabdornis inornatus",0.897647457420705,0.408941550413526,0.275557681222892,0.997862790301763,1.41230604116202,1.3736213106478,1.45159945988197,-0.0587385351647773,-0.134230109804894
"130","Catharus ustulatus",1.35230033839426,0.305427785706829,0.167869983016438,1.64896160997992,0.534080158298339,0.520685318152414,0.61351489714765,0.00154145052942311,-0.170121356414723
"131","Donacobius atricapilla",-1.01292796368967,0.371673557039973,0.762314285449134,0.295722522204502,-0.0675002483446447,-0.628681992206167,0.00423508789294649,-0.780533113254627,-0.851393052350281
"132","Hemignathus munroi",1.69043255020437,0.461781625229709,0.00740223230731133,0.79114136660284,0.544719084607031,0.569012303111085,0.477614913740956,0.409738830547699,0.287623425479476
"133","Loxia leucoptera",1.1782662906833,1.43646747423346,1.0727532108269,0.87484262454207,0.757753855957984,0.706124652139022,0.756359293510551,2.65449354263989,0.983784923368646
"134","Turdus merula",1.48006948063642,0.371673557039973,0.370779435976165,0.966759560629373,0.23133707854835,0.293289259822188,0.159387295020352,-0.240069160348871,-0.253701658108366
"135","Modulatrix orostruthus",1.43059952043528,0.408941550413526,-0.0789451011060841,-0.081270424277357,0.176465481546795,0.417849231074679,0.0219637203513017,0.463252946858921,0.65722929415917
"136","Erythrocercus mccallii",-1.01292796368967,0.408941550413526,-0.286250298363429,1.26612417902746,1.31722447074643,0.999361958427691,1.36009479649312,0.787723970587404,0.755694988949301
"137","Irena cyanogastra",1.11408270009638,0.379267143629884,0.531002090537937,0.55788848921129,0.0021367254968736,0.0968137907154007,0.0440620246304323,-0.39162643817089,-0.176629559344856
"138","Campylorhamphus procurvoides",1.01079086326999,0.420988655435427,0.0851624656262128,-0.105719948268359,0.165399290165371,0.225475309451037,-0.002536952914177,0.166094376396956,-0.477031451163345
"139","Molothrus ater",1.40506934820615,0.914147663557743,2.22009689855564,1.81796170994005,1.22183947388225,1.14042467155683,1.23858484607486,-2.21828270765435,-0.0309372480888854
"140","Chloropsis cyanopogon",0.857402679496281,0.432857278249369,0.559242750573926,0.667292429471898,0.502684034496536,0.524560524430103,0.522717054362232,-0.142091214151196,-0.540681853111334
"141","Piprites chloris",0.223389486082296,0.456079698047906,0.331228994840834,-0.888446066432608,-0.309986620487654,-0.0606028192493804,-0.515483058923957,-0.0705979813891303,-0.13333043353329
"142","Zonotrichia albicollis",0.857402679496281,0.456079698047906,0.569478164681752,-0.105356100050789,0.689052100360485,0.921066580923707,0.509108104407069,-0.445728569280034,-1.3158905686679
"143","Mesitornis unicolor",-0.190087917386233,0.917371480331181,1.06155896854743,-0.262555253925293,-0.442959300833806,-0.400446088724677,-0.5999239447465,-0.531053392324346,-0.656718541763128
"144","Sitta europaea",-1.01292796368967,0.467443255769713,0.255155127122078,0.332471733255347,0.481156104025901,0.394303149298083,0.555408760242558,0.105935610816876,0.519926691892895
"145","Mionectes macconnelli",0.897647457420705,0.461781625229709,0.435953041397648,0.513742446899982,0.0449836253878554,0.0715153618230872,0.235806850624096,-0.0569842003253904,-0.133701968921349
"146","Hypocnemis ochrogyna",-1.01292796368967,0.489697947582116,0.780447747823895,0.148684385586414,0.327451610511139,0.256827560634881,0.177459234432175,-0.347520434353381,-0.322179774278843
"147","Haliaeetus leucocephalus",0.632752128917209,0.332586908204088,0.057448491008706,0.556192859418108,0.285788343312064,0.350985868514017,0.28041077903588,0.423446120814025,0.576521632104019
"148","Grallaria varia",-0.190087917386233,0.511351086982468,0.347363870272885,-2.06073029115882,-1.83109969219384,-1.3467093955926,-2.02753488868112,-0.0297147525009336,-0.427752703008279
"149","Tricholaema leucomelas",-1.01292796368967,0.396710513032396,0.548898020985893,-1.91482231267198,-1.48145371128459,-1.04320282780437,-1.68207937194806,-0.508525788764039,-0.669024376891213
"150","Apaloderma vittatum",-1.01292796368967,0.52196206842807,0.860324497947387,-1.01042099822698,-0.635612619804687,-0.421755479909256,-0.820705410344376,-0.738289793293459,-0.832252338453703
"151","Batrachostomus septimus",-1.01292796368967,-0.631936638944119,-0.492321152046695,-0.80172131978797,-1.04918869126356,-0.868981565910166,-0.903206700098906,-0.436881454679398,-0.878026824453559
"152","Paradisaea raggiana",-0.748032635186179,0.495166346883791,1.16999205249131,-0.631337333124564,-0.327920191753296,-0.212098225668091,-0.497777007154515,-1.04338056636299,-1.01691208548383
"153","Nestor notabilis",-0.190087917386233,-0.95676178691436,0.0609004710425705,-0.0618237264762842,0.0549926294825415,-0.14121856689537,-0.122459557812359,-1.63028960732735,NA
"154","Lepidothrix coronata",0.291242653792941,0.52196206842807,-0.00472125121298074,0.937432010968453,0.0358326465415468,0.0211599092094089,0.0542199480771666,1.63841360602451,1.11690109580098
"155","Cettia cetti",0.681212214745028,0.59254633236094,0.45341357002114,1.8077191597533,0.876077201741854,0.507978199028984,1.17688906801245,-0.0618755142525464,-0.517911740456138
"156","Mystacornis crossleyi",-0.190087917386233,-0.833268997070542,0.50077205174415,-0.260215225557817,0.343527878070847,0.413654868123959,0.201534727228635,-2.10172196048993,NA
"157","Rhynochetos jubatus",-0.190087917386233,0.511351086982468,0.749906574560072,-0.546599381388973,-0.785598412339016,-0.755620173133966,-0.964169686433849,-0.599863055440452,-0.716461121595206
"158","Dendroica kirtlandii",1.2091019790252,0.602140667239766,-0.178045132365505,0.846487280279639,0.444551917544255,0.261383777763999,0.577248662736658,0.902472877187234,0.897275171384064
"159","Neodrepanis coruscans",-1.01292796368967,0.511351086982468,0.425721079678192,0.305415651949715,1.51785789159157,1.4308714977085,1.37518832195711,0.0516317445800279,0.657530775607023
"160","Chloropsis hardwickii",1.19069684671716,0.613504224961574,0.360132160868228,0.945994314719365,0.676251359142771,0.717675294769059,0.626835404051107,0.105078085793834,0.112905528386702
"161","Calcarius ornatus",2.09130975838075,0.648460930793809,0.00558510818566848,1.04658005657347,0.717508039183333,0.803109962569594,0.674168974468985,0.685311123866184,0.432924165108124
"162","Pandion haliaetus",0.849187371592887,0.555002519605387,1.22894736563771,0.785626445559285,0.264526388349456,0.326620675750686,0.32700075390758,-1.29557794981196,-1.36503035777384
"163","Falcunculus frontatus",-0.61349933074398,0.408941550413526,1.35145369380939,-0.452260819029783,0.0748316780256689,0.301168982584049,-0.0861411878484955,-1.64605837371538,-1.731091128737
"164","Grantiella picta",0.223389486082296,0.467443255769713,0.875377175901223,0.320143124181199,0.45422459596749,0.541859629414886,0.386977963012465,-0.87338827582855,-1.0639233232863
"165","Sakesphorus luctuosus",0.355426244379853,0.666264272068074,0.719462155445083,-0.462356740518344,-0.350956399048618,-0.424604641342795,-0.497181283131722,-0.379508184194534,-0.986294143456639
"166","Aramus guarauna",0.632752128917209,0.68368055335795,0.77660346954551,0.241432717591598,-0.716813649586252,-0.553880580736288,-0.694290716920402,-0.408574428405315,0.920080307480804
"167","Cardinalis cardinalis",0.291242653792941,0.733766698383767,0.54723786430183,0.79062947169142,0.280351448274911,0.13713966663841,0.374554186734789,0.0428204205020022,-0.170667480599902
"168","Emberiza fucata",2.14784936084152,0.700726247206451,-0.0807344234230968,1.38493442342427,1.02663273358824,0.98901273625408,1.0368081878419,0.908393810457352,0.758386402059497
"169","Calypte anna",1.01079086326999,0.721535661002637,0.309646654652104,1.08715378886247,1.36771189872878,1.35644966646104,1.41442023861164,0.972776482987197,1.48905138064956
"170","Daphoenositta chrysoptera",0.151421557738036,0.52196206842807,1.141493358523,0.89795739530523,1.14800321721318,1.04192145923499,1.20184170917559,-0.662310730233084,-0.789518577765718
"171","Ploceus nigricollis",1.04622953238574,0.52196206842807,0.390877238689828,1.37753014147317,0.984619130295208,0.896900321973127,1.09134448268714,0.68879495971603,0.694037494319041
"172","Tachuris rubrigastra",0.474236044062958,0.657412056174329,0.297900582527101,0.282200230922933,-0.0859799841390777,0.0097603171331769,0.122441807399858,0.264169969235526,-0.328525928886391
"173","Apteryx owenii",-1.01292796368967,0.780904846018147,1.57902207460256,-0.463788011700742,0.115099821909578,0.22955964366943,-0.0224008119685027,-1.5470086970766,-1.55194508883703
"174","Eremophila alpestris",2.04706461524106,0.733766698383767,0.0410238360480633,1.01545505657152,0.950475054930728,1.0157819508914,0.916936311305058,0.724176549421859,0.0712656609479887
"175","Regulus satrapa",1.11408270009638,0.757682426219609,0.448012171756965,1.03151699756962,1.47498356312676,1.48316063117144,1.41522997035122,0.166563645670017,-0.519411343400984
"176","Vidua macroura",1.83363090957343,0.63025293367707,0.724525884292966,1.28576868443133,1.0424601321266,0.788817183505254,1.12191232040399,-0.0632763565037866,-0.204514616504911
"177","Picoides pubescens",-0.829934573419657,0.741818197182261,0.152407614605407,0.55414219649787,1.20613112903622,1.08439616106897,1.06570495192188,0.705123248767947,0.628231258278254
"178","Pheucticus melanocephalus",2.09130975838075,0.773238592424049,0.954473392826126,0.589621943225862,0.232795472941203,0.216157045043062,0.206497688300459,-0.502838599402917,-0.954307551208082
"179","Illadopsis cleaveri",0.449758738647192,-0.524962318588144,-0.0635350933783425,0.201740256321598,0.220545450918787,0.404547840979692,0.151851635012252,-0.834227239223258,NA
"180","Myiagra hebetior",-0.190087917386233,0.444552630296526,0.0609707501447335,-0.140441685480026,0.381430028113328,0.436732192463331,0.280543746276886,0.28694066958662,0.558812202934881
"181","Pomatostomus ruficeps",1.04622953238574,0.408941550413526,0.211071254013331,0.560974289364899,0.366593647473152,-0.0461312090657331,0.214960134156006,0.100229986898978,0.144609954392585
"182","Thryothorus ludovicianus",0.529460292090815,0.874414691663722,0.0784690994234981,0.896583432654902,0.476186162519829,0.608756840948927,0.455465890258397,0.887755060757372,1.00617399800649
"183","Agapornis roseicollis",1.08064084769072,0.709114987595741,0.957756934220368,0.975417414985582,1.02949335046232,1.00129048720479,1.01351656848856,0.301304203643163,0.482778008570374
"184","Passerina amoena",1.72048750372415,0.839728867768585,0.0979005358628896,1.38158700749953,1.02782091775258,0.94367293366039,1.13859737008695,0.812741148235825,0.716801344019841
"185","Mesembrinibis cayennensis",-0.190087917386233,0.926965815210007,0.277075616262526,-1.08417389282718,-1.13134049229514,-0.831208879646921,-1.33909647356468,0.605964832345908,0.654419091366429
"186","Dendroica coronata",0.815745519187227,0.867596630194497,0.057448491008706,0.611555630297067,0.83619542469926,0.831973227321113,0.719732418118737,0.866441561617388,0.873597139566008
"187","Certhia familiaris",1.81550678265296,0.874414691663722,0.439059846609716,1.2033395587788,1.28178881604048,1.2187750441921,1.25728433111561,0.323593895730488,0.151333712133595
"188","Promerops cafer",1.45559217522065,0.879827667575627,0.563728676031693,0.857719707412379,0.478662153720821,0.499755722402221,0.366248764347629,0.13962521477464,0.221271874358585
"189","Coracina coerulescens",1.35230033839426,0.887879166374121,0.806983336564599,1.18988176323386,0.761184899659073,0.585479831707444,1.01042505995794,-0.187760567187864,-0.433620151175214
"190","Urocynchramus pylzowi",2.27843222152409,0.867596630194497,0.187931387549558,0.886968098875249,0.774243045904841,0.755779605004743,0.785233156301413,0.723911209579498,0.875977108131961
"191","Prunella fulvescens",1.40506934820615,0.894527481601138,-0.0334967988214938,1.09809822640253,1.1537597770593,1.16051406389271,1.08560301304731,1.15017588534125,1.30644546167704
"192","Pycnonotus atriceps",0.936572493959346,0.803473025366189,0.851489802491365,0.471621227246281,0.502136534192278,0.617540944193674,0.558033435924346,0.584164133387678,-0.574626598305719
"193","Zosterops lateralis",1.59541327127556,0.90112107756396,0.585047959134224,0.866337742543132,0.736941173404117,0.725939476379616,0.786937499120946,1.31545796266948,0.340546538664161
"194","Mohoua ochrocephala",0.439824728757973,0.478647877395948,0.239800785250642,0.173667357260187,0.477435755542874,0.692629714235262,0.339351534862087,0.0743829654637864,-0.266012713064524
"195","Buphagus erythrorhynchus",-0.190087917386233,0.920582375960641,0.00292701153179078,0.505783720383222,0.665945142142589,0.790105828928633,0.546483764865513,1.59743352130526,1.43919697543856
"196","Atrichornis clamosus",1.63858556549067,0.874414691663722,1.00167937695285,1.36790679679222,0.586066794924814,0.592079591529064,0.798870177128997,-0.301204233374378,-0.939237193494514
"197","Oxylabes madagascariensis",1.11408270009638,0.99984488846656,1.13599211717453,0.676084740341332,0.277281776132062,0.259533568999089,0.249194915351014,-0.224131343321366,-1.1102800975113
"198","Phylloscopus trochilus",1.86906957868918,0.939582097795534,0.499037367436228,1.2211429150222,0.938333274678215,0.784191868849858,0.962607536998646,0.322255049609147,0.509749747966445
"199","Melanocharis versteri",-1.01292796368967,-0.95676178691436,-2.01692260181515,1.37714695286965,1.04259617988944,0.817393766903301,1.48084455547361,1.52444693786855,NA
"200","Amazona guildingii",1.11408270009638,0.96423380858356,0.839912916045143,0.863757850909533,-0.368496426444944,-0.0912297121208019,-0.530352620955921,-0.154092841175726,-0.212932752327138
"201","Smithornis capensis",-1.01292796368967,0.96423380858356,-0.497734417038214,-1.32268494903459,-1.29362633799103,-0.946669177734121,-1.4549029004511,1.87804859067206,1.92927478534442
"202","Paradoxornis webbianus",0.745895534766492,0.942081686054583,1.46704119544651,0.748200396632914,0.742401712212571,0.692308025886605,0.662426218771888,-0.609487642427283,0.476133766781806
"203","Scopus umbretta",-0.796492721013997,0.90374339541147,0.697008523916554,-0.346482891734467,0.432951273366449,0.610037643119391,0.245081245909167,-0.0476627256302714,-0.24457723587781
"204","Eupodotis ruficrista",0.121366604218257,1.89605414614525,1.73401493378008,0.607607011467149,0.434144322403985,0.318411373065638,0.457542794509172,1.22413449183784,0.137702194249248
"205","Chaetura pelagica",-1.01292796368967,0.788498432608057,-0.0469755236978221,1.03253820218352,1.16829613919103,0.947646195382143,1.1132869158995,0.974154404581365,1.26588424767228
"206","Merops nubicus",-1.01292796368967,-1.51205404508439,-2.26093555313362,-0.418942353484371,-0.155875748890947,-0.143097830518664,-0.173560334504063,0.834030914741846,NA
"207","Tyrannus savana",0.431063749847846,0.917371480331181,0.0663271686660317,0.956237670775809,0.861199099315758,0.847940585878303,0.930188398805614,0.951582411061388,0.555149935372818
"208","Vidua chalybeata",1.90348089399417,0.97628091360546,0.468940079091455,1.3727072207526,0.862583421741451,0.386781470961624,1.09559291341748,1.17538819213482,0.69577431679038
"209","Agelaius phoeniceus",1.08064084769072,1.03948422265524,-0.0972130345887775,0.660274148941859,0.273406499621928,0.422108993908831,0.127011933999151,1.52493621937061,1.22266350953334
"210","Climacteris rufus",1.2970760903664,1.04499020575215,1.48963750316248,0.035819060307011,0.993998834384902,1.13086554682021,0.848457209185388,-0.191021218398289,-0.150777875150464
"211","Hemignathus virens",0.187950816966546,0.745813803405667,-0.0660391650342465,0.837532141402148,0.784034018222208,0.738313966686104,0.802551690650966,0.851271536208923,0.79724461997555
"212","Pteruthius melanotis",-0.0950686384574196,1.05045860505382,0.48193451682054,0.48499450666347,0.684169686246677,0.572106388199426,0.651617024957192,0.633720116763216,0.743696343951413
"213","Artamus cinereus",0.439824728757973,0.79452189998567,1.17406342066895,1.08662277782276,0.354895546194544,-0.0633801791884276,0.589515074275795,0.362755189136688,-0.4930565074167
"214","Callaeas cinereus",1.72048750372415,1.09806374039429,1.78966078311618,0.478415199960878,-0.684246046522855,-0.326452343682866,-0.811159242870983,-1.41231251190813,-1.20687402120447
"215","Struthidea cinerea",0.897647457420705,0.696498705010214,1.21833946338162,0.970372466275842,0.139395325549791,-0.282182965648128,0.277352922156207,-1.05084505510027,-1.17770724065229
"216","Halcyon senegalensis",0.151421557738036,1.10318271875131,0.247082574817657,0.433690911237677,0.321082982148088,0.54822620146629,0.190316613778241,0.949353114040855,0.212998334946707
"217","Sylvia atricapilla",2.42919447571394,1.10826919543938,0.667869474832659,1.43215040589561,0.690515803365131,0.69721348660469,0.698466575349366,0.34229967951617,0.46128991427796
"218","Polioptila caerulea",1.41241988100554,0.974570950550472,1.09852540287615,1.42887605216666,1.18699391133057,1.07338756083079,1.18529248804436,0.352557072867107,-0.282945404196663
"219","Podargus strigoides",-1.01292796368967,1.20375318896384,1.57563225299615,-1.88544790457637,-2.64125057203498,-2.41343244905015,-2.7384637652894,-0.926940081352224,-1.43146787534364
"220","Spelaeornis formosus",0.897647457420705,1.43646747423346,1.48775398855118,-0.573644359723226,1.11619646302911,1.282974509776,0.954079331941945,0.86630605244611,-0.658013240354557
"221","Phylloscopus sibilatrix",0.582229301902709,1.21270431434436,0.424845896690939,1.35630043116367,1.40957739959951,1.09726679692515,1.40764994076277,0.827205806469694,0.352857730050674
"222","Hippolais icterina",2.09130975838075,1.21714264917097,1.50928668094969,1.34927763981041,0.830280163951659,0.580762686953503,0.873472940297134,0.550156034691003,-0.691524575771043
"223","Xiphorhynchus elegans",0.151421557738036,1.19923983963396,0.759184734845704,0.236585767838823,0.186852695813182,0.448047395810125,0.24278288624628,1.36207838024032,0.484039638123115
"224","Psophia crepitans",-0.348604002240484,1.1133235805783,0.84968847785334,-1.65875623748615,-2.67891013353319,-2.47547095436709,-2.75001892564984,0.000206299484659923,0.103069892699496
"225","Spizella passerina",-1.01292796368967,1.26022385564798,0.473630347894113,1.39179358631885,1.12545258003994,0.678766112674439,1.38075094869052,2.25979191111858,1.20854317556375
"226","Sylvia borin",2.69190962499262,1.3624656013718,0.685813625892554,1.30222907293782,0.708117765170147,0.636569145197134,0.699903120045089,2.1387575467129,0.808860128424569
"227","Phainopepla nitens",1.83363090957343,1.95737173273838,1.97949829206922,0.924907473198497,0.663575730764077,0.643364661478607,0.585444073916678,1.2980577987705,0.451862464716142
"228","Calandrella cheleensis",2.50308277210316,1.42970694983376,0.0781259522403114,1.08507466243821,0.807106099476831,0.775749756291261,0.859563550423519,1.65641206050709,2.03256644438525
"229","Loxia curvirostra",0.955566615242132,1.00850570132819,0.329697929114092,0.572005825361818,0.750556287873718,0.846482631445134,0.656815959012414,0.793170464157568,0.936909391093815
"230","Junco hyemalis",0.151421557738036,1.45641333573399,0.0432592318460842,0.726753024775053,0.999611378481937,0.976583116377364,0.932792451016297,3.65595257883145,2.01111697448196
"231","Hirundo rustica",2.01662429984345,1.46295310582337,0.914487771251507,1.26333518735137,0.736544017730481,0.603755871289018,0.645231786046623,2.60990320010199,0.303638552172721
"232","Machaerirhynchus nigripectus",0.416316886241532,0.444552630296526,0.116307722467218,1.07106718380124,0.993200990490982,0.94127807379296,1.0145259436713,0.252443123341232,0.383915157711094
"233","Orthonyx spaldingii",0.857402679496281,1.49173886316802,1.34689924887108,0.374106091722457,-0.277780169891023,-0.241549959034961,-0.198664354520632,1.16343044937656,0.0429639316409003
"234","Corythaeola cristata",-0.190087917386233,2.35492317101685,1.61429325285631,-0.464962124050351,-1.0766685976676,-0.963521633821571,-1.0347640488301,0.595891746183476,1.58923542190642
"235","Serinus canaria",2.32689230735191,1.56092141282737,1.26939237422026,1.18716392116391,0.935551501424924,0.909161008084154,0.983003790703567,1.82088255133275,-0.312044040261233
"236","Arenaria interpres",0.291242653792941,1.34379069077809,0.528203856543256,0.106044027013922,0.0693900627503634,0.126091071327657,0.00933968700878652,0.729153518035205,0.235319118454532
"237","Cinclus mexicanus",1.75941254026279,1.46295310582337,1.35014671308499,1.00515172496143,0.804021750545362,0.874632222246121,0.746457606804738,0.730374575788512,0.0399285877677894
"238","Acrocephalus arundinaceus",2.1615732969789,1.87022806321371,1.1893607619712,0.985958911994466,0.282140319164868,0.35995401650142,0.381877800256748,1.27544089816966,1.77912053913972
"239","Prunella himalayana",2.24074311144196,1.89148936235821,1.51452889230777,1.28152023940799,0.785826123154889,0.880967195694458,0.763108067113082,1.64590663965605,0.448783561605266
"240","Ptilorrhoa leucosticta",-1.01292796368967,1.62422124649095,1.21721028157263,-1.43182241843476,0.349452624795196,0.624328693652976,0.143453295299754,1.28838662594275,0.453415339880912
"241","Indicator maculatus",-0.190087917386233,1.71272518357983,-0.0156431128745823,-0.977160328732076,-0.140813419083899,0.134376985450291,-0.344188768953524,2.06501345488132,1.07328405453074
"242","Ptilonorhynchus violaceus",2.11991613666984,2.51002439251674,2.13666953398673,1.34722631482018,0.34557229525949,0.218388678949116,0.456122656168576,0.0533043681845011,-0.487551941712256
"243","Anas poecilorhyncha",-1.01292796368967,0.153822729425707,0.387018617554854,0.275729372332541,-0.15460716465401,-0.205320148553005,0.045765175205833,-0.593978396764507,-0.705063702069376
"244","Anhinga rufa",-1.01292796368967,-1.51205404508439,-2.14012608683406,0.247928070072022,0.138095424291632,-0.116641167402702,0.284992732716516,1.06390013666624,NA
"245","Apteryx australis",-1.01292796368967,-1.51205404508439,-0.778130852153825,-1.20419529247079,0.549838628613463,0.775621840844025,0.421823273691066,-1.1290514419272,NA
"246","Apteryx haastii",0.291242653792941,0.602140667239766,-0.759758019112647,-0.580609151384627,-0.0147326241844459,0.232135223803912,-0.219206437218053,1.77555325064227,2.11298215165263
"247","Apteryx mantelli",0.291242653792941,0.926965815210007,1.96242334268725,-0.51858609459113,-0.17013074205346,0.00827021153893194,-0.356640613359228,-1.86451451121192,-1.79041422209709
"248","Apteryx rowi",-1.01292796368967,-0.307111490973878,1.13971240221373,-0.241229014884733,-0.251180796546646,-0.197088514130992,-0.182549760251767,-2.37274315771621,-2.42543661623048
"249","Ardeotis kori",-1.01292796368967,-1.51205404508439,-1.78349511781721,0.805533949682898,-2.13011598959308,-3.18515350961596,0.353907840298169,0.399350355409865,NA
"250","Caloenas nicobarica",-1.01292796368967,-0.95676178691436,0.1983710200914,-1.89218411224884,-2.39523232525511,-2.13473901479469,-2.4489226517971,-1.84334607904078,NA
"251","Calyptomena viridis",0.223389486082296,0.332586908204088,-0.172511008209199,-0.62401721251845,-0.783000237394234,-0.468875103062423,-0.633459230900841,0.512328137120951,-0.354215948900846
"252","Casuarius casuarius",-0.531597392510501,-0.307111490973878,0.356778102730262,-1.88136482356088,-3.69541867134364,-4.5859530933298,-3.14771971637564,-0.871260533768282,-0.444450920295412
"253","Centropus bengalensis",-1.01292796368967,-0.277976738900508,-0.0792855868704713,-1.60511549197934,-1.37521667377691,-1.02720514187377,-1.52419440823586,-0.321274979002727,-0.678671884399081
"254","Centropus unirufus",-1.01292796368967,-0.337345923916018,-0.231194596500991,-0.16447245951429,0.811042016748426,0.871828903009731,0.666533027757364,0.116499937985879,-0.582620582269746
"255","Erythropygia coryphaeus",1.63858556549067,0.818172839391699,0.912057112591814,1.38508542724863,0.773184621648273,0.473644876355924,0.883513976526849,-0.245595980061614,0.0506595263473387
"256","Ceuthmochares aereus",-0.190087917386233,1.75724315753884,1.26895099314641,0.892435828383213,0.182689921807209,0.249405233123175,0.447477745217275,0.324300354986707,-1.14685977144687
"257","Alcedo cyanopectus",-1.01292796368967,0.887879166374121,-0.329546758243272,0.840482953171149,1.47866663611039,1.46848911918787,1.43654880659191,1.51786524530322,1.73969447031264
"258","Chaetorhynchus papuensis",1.37897802859988,0.709114987595741,0.407512299561388,0.648004245910977,0.334690144383324,0.458224030094877,0.278045515413689,0.117757471869926,-0.255599376769107
"259","Chionis minor",-1.01292796368967,-0.0766443807740853,-0.167594691900385,0.799102670025993,-0.795016101454526,-1.97978679734665,-0.201839357479123,-0.066203482420779,-0.0625910785521588
"260","Chloroceryle aenea",0.474236044062958,0.420988655435427,-0.258965883654853,0.728125917770999,0.953271910840597,0.981511151754384,0.983033177079197,0.921762540037826,0.833013477166651
"261","Chordeiles acutipennis",-1.01292796368967,1.6404135945059,0.524336845216592,-1.37395441002071,-0.946877041033544,-0.599507965373504,-1.13356355646812,1.2243361219041,1.44158198379995
"262","Larus maculipennis",-1.01292796368967,-1.51205404508439,-0.973499887356703,-0.320988546402078,0.250310789206229,0.202134581479621,0.136848465378567,-0.779753806988233,NA
"263","Chunga burmeisteri",-0.293379754212627,0.0656990996722903,0.0713675396657705,-0.753384650482525,-0.598543471471116,-0.316596567117462,-0.749258554331265,-0.231705009738563,-0.415630048320883
"264","Strix nigrolineata",-0.190087917386233,-0.277976738900508,-0.0459986604699247,-0.829658242362423,-1.54593577019882,-1.60856509742537,-1.65655886344464,-0.533679136159908,0.47899157581166
"265","Ciconia maguari",-1.01292796368967,-1.51205404508439,-2.22479193941551,1.10836808054252,-0.439507580877179,-1.13603202111002,0.845982736889142,1.07023043174213,NA
"266","Circaetus pectoralis",-1.01292796368967,-1.51205404508439,-0.483535199204475,-0.156228878360902,0.235643161334151,-0.0855350096832748,0.0220010313311293,-1.57690953757811,NA
"267","Cochlearius cochlearius",-1.01292796368967,-0.249864472463205,-0.290557278797816,-0.396699400079812,-0.679858061980322,-0.870402348460608,-0.673797501151287,0.636345281573616,0.0843035889659361
"268","Colinus virginianus",-1.01292796368967,-0.833268997070542,-0.0412146475756319,0.433833563852869,-0.179062835856321,-0.158082795628629,0.0637661734082207,-0.988162596853608,NA
"269","Columbina picui",-1.01292796368967,0.17034119891355,0.861006924674451,-1.65699535944669,-1.50698727977049,-1.18358350886182,-1.67686753114326,-1.27721518923313,-1.41689059574337
"270","Corvus brachyrhynchos",-1.01292796368967,-0.222705349965946,0.330111389874286,-0.394456525844806,-0.478607258645134,-0.441662903630784,-0.421602538307825,-0.853790431111134,-0.949485922540752
"271","Corythaixoides concolor",-1.01292796368967,-1.51205404508439,-0.599250546919119,0.509987608471253,-0.338748181593227,-1.09166312383598,0.187816256265454,-1.26222079699106,NA
"272","Crotophaga sulcirostris",-1.01292796368967,-1.04116792792229,-1.30745325424462,1.10985619925125,0.833063805173907,0.346546957774422,0.82681798617425,1.01960123410204,NA
"273","Crypturellus soui",-1.01292796368967,-1.51205404508439,-0.138309953960632,-1.57695674108586,-0.13753252653391,0.146377970645012,-0.333833809112261,-2.03536413762863,NA
"274","Dromas ardeola",-0.40652316006191,-0.892638182086051,-1.10192035586153,-0.598301887390154,-0.162938397125379,-0.131099220340212,-0.34397099950457,0.42540406608979,NA
"275","Cacatua roseicapilla",-0.190087917386233,-0.95676178691436,-1.16793887037883,0.286999685673162,0.671161290654081,0.606781613972591,0.639153505869965,0.293119696000175,NA
"276","Erithacus rubecula",2.09130975838075,0.757682426219609,0.313039409583104,1.27230438175749,0.959305997329453,1.01582352053058,0.939492424153831,0.409917359621538,0.387956746263554
"277","Eubucco bourcierii",-0.190087917386233,1.58084365334673,0.141725856840919,-1.8750111927168,-1.63320420035435,-1.16385378320776,-1.82380272191017,1.81259457458098,1.60901132098361
"278","Eudromia elegans",-0.40652316006191,-0.547530497936187,-0.501820838415778,-1.05838042368071,-0.282275534798398,-0.0866299860932414,-0.488661413186696,-0.175357407796507,NA
"279","Falco peregrinus",-0.829934573419657,0.52196206842807,0.953209744000285,-0.675104694109942,0.308205064424483,0.487442518109649,0.120681692558569,-0.966264353432771,-1.25984799809595
"280","Ficedula albicollis",1.2970760903664,0.17034119891355,0.329284234344166,1.25411116409045,1.03855606438028,1.05648055982736,0.997843088330919,-0.454185158295969,-0.806388123229028
"281","Gallus sonneratii",0.223389486082296,-0.401469528744326,-0.252031349090719,-0.639982304224051,-0.631718850852319,-0.475665125536408,-0.694790111092767,-0.386109773922902,NA
"282","Geococcyx californianus",-0.293379754212627,-0.171002418544533,0.596452338467068,-1.35361563174243,-1.87552313007358,-1.60864133734342,-1.93803486969073,-1.37186479165374,-1.02303115631642
"283","Glareola pratincola",-0.00709452711621539,-0.222705349965946,-1.12114287368649,-0.296018872866302,0.486721492120419,0.554953890483782,0.319188756540051,1.23586503471687,1.44572995283911
"284","Glaucidium brasilianum",-0.671418488565406,0.741818197182261,0.860395123369103,-1.25765289339475,-0.610647579826076,-0.267537472766479,-0.791611146920627,-0.475836774257827,-0.485142618875038
"285","Grus americana",0.0748074111172636,-0.631936638944119,-0.778795643287856,-0.884313087165966,-1.02703819378801,-0.670819178125383,-1.12536588088181,0.0790731760132813,-0.243306308434755
"286","Gymnorhina tibicen",1.93692274639982,0.717416796468794,0.424888612864371,-0.0891998971390713,-0.790135222419178,-0.472464800597823,-0.899652812115714,0.13337823717587,0.465158174276136
"287","Haliaeetus albicilla",-0.671418488565406,0.345828819393927,0.284307789326036,-0.405134197227904,-0.0718880121409484,-0.0239698415909643,-0.228455917145082,-0.141244787315148,-0.147626290082379
"288","Hemiprocne comata",-0.40652316006191,-0.0125207759457771,0.239800785250642,1.20089890127794,0.463393113821028,0.259827564773709,0.400519387047897,-0.518370327040035,-0.461377194245061
"289","Larus argentatus",-0.671418488565406,-0.277976738900508,-0.000581252597568825,-0.575549624958812,-0.435666374773881,-0.324390994704671,-0.519416587250527,-0.396976498438829,-0.0701885573763483
"290","Nectarinia aspasia",0.936572493959346,0.358855405387709,-0.116934650711171,0.951732655737355,1.37801403154626,1.36234042569176,1.30247402292014,0.473957251869879,0.502475001788197
"291","Limosa lapponica",-0.531597392510501,-0.677727238090699,-0.613787467296055,-0.663716904786998,0.135036747180748,0.262375875539045,-0.0637592295675949,0.101198531826108,NA
"292","Manacus manacus",-0.190087917386233,0.846787216398311,0.0578014816957617,1.5287556894941,0.685324304256693,-1.30530417126184,1.11887970808274,0.872002918454214,2.62360142528056
"293","Meleagris gallopavo",-0.293379754212627,0.532434340257344,-0.391317684370235,0.252005062759514,-0.723495453181057,-0.863098841853515,-0.534133168434621,1.15168301778955,1.29168903665221
"294","Melopsittacus undulatus",0.897647457420705,-0.122434979920665,-1.51390261588508,0.140130700287419,0.466845781295263,0.567991886480172,0.427907770409383,1.91691397655937,2.23213422590938
"295","Menura novaehollandiae",1.70053565164779,0.780904846018147,0.785316147654751,0.857215845342327,-0.0648564764351498,-0.147909683550231,0.0809821013322114,-0.259715365623164,-0.40237169349305
"296","Motacilla alba",1.50405226104847,0.914147663557743,0.558922795304435,1.23510663048172,0.928874138085476,0.810516083088032,1.04933931623337,0.734431799137617,1.25820474152195
"297","Nipponia nippon",-0.671418488565406,-1.10282275610622,-0.735122106429038,-0.641605034128723,-0.532903060249201,-0.579098060701495,-0.63533377147261,-0.562898704302512,NA
"298","Nothocercus julius",-0.293379754212627,1.81551611381801,2.56334027882556,-0.173016756498106,-0.116804531326702,-0.135494491806448,-0.15740673509532,-1.55311985984615,-1.85163608406415
"299","Nothoprocta pentlandii",-0.829934573419657,-1.38856125524058,-1.21753284118737,0.820793218487447,0.576474367267174,0.580693942850001,1.05026438071174,-0.296732430082119,NA
"300","Nyctibius bracteatus",-1.01292796368967,0.741818197182261,0.11009194933035,-1.19210702066579,-1.11370116564693,-0.866468619601541,-1.3062586428585,0.634605090429581,0.516927246327641
"301","Nyctiprogne leucopyga",0.529460292090815,-0.471175855726748,0.217055806852979,-0.392894282931421,-0.631789683517154,-0.393927521840813,-0.577779040460503,-0.969550516350523,NA
"302","Oceanites oceanicus",-1.01292796368967,-1.51205404508439,-1.78349511781721,-0.151345098337563,0.595133945865583,0.68310711265862,0.612365085345847,0.399350355409865,NA
"303","Odontophorus gujanensis",0.355426244379853,1.62725866202383,1.68952557766682,-1.07764808152378,-1.2610581649248,-0.933171080708369,-1.43568963527433,-0.409139018714833,-0.471425355000147
"304","Oenanthe oenanthe",1.96944826741746,0.945816505812565,0.819686885844126,1.08560047536453,0.688866648993843,0.650445910687972,0.722704464596459,0.375224947767852,0.735440146472884
"305","Oreotrochilus melanogaster",0.291242653792941,1.21270431434436,0.487484026826647,1.9155518665848,1.60283085824308,0.916363931563358,1.60013519475407,0.726332015771601,0.724778613169621
"306","Origma solitaria",-0.748032635186179,-0.263797299941756,0.584601794480425,0.732039416277257,1.09023698217538,0.879789620619498,1.09470027453191,-1.3779589140806,-0.348304644545947
"307","Patagioenas fasciata",-0.293379754212627,0.305427785706829,1.23734164864898,-1.81187646730421,-2.37505571992438,-2.01949650781527,-2.43748210400807,-1.65800632907254,-1.46825512231128
"308","Pelecanoides urinatrix",-1.01292796368967,-0.222705349965946,0.963994132894443,-0.501529945978217,-1.68100810733916,-1.78077965144584,-1.14439031634932,-1.9890945403469,-2.24386133442463
"309","Phalacrocorax brasilianus",-1.01292796368967,-1.51205404508439,-1.41645101014167,-0.248099718553035,-0.693281083917306,-0.632110534946142,-0.357600511169906,-0.0633305505636559,NA
"310","Phasianus colchicus",-0.190087917386233,-0.95676178691436,-0.665646171779173,-0.024314938994285,-0.437004068287063,-0.765613056237043,-0.276201876840001,-0.433561658403161,NA
"311","Phoenicopterus ruber",-0.190087917386233,-0.95676178691436,-1.48888029666719,-0.868615389333026,-0.710624610451583,-0.46526114830812,-0.946492413268453,0.72169231865039,NA
"312","Piaya cayana",-1.01292796368967,0.709114987595741,1.39444182656914,-0.276501644953292,0.146556367433423,0.133299765383769,0.00692182884222148,-1.18093267758395,-1.32131225323122
"313","Pitta sordida",-1.01292796368967,-0.631936638944119,0.204402277046441,-0.408135672000675,-0.34499785034,-0.643207274540902,-0.505442290854889,-0.59002900927284,-2.37784070863586
"314","Podilymbus podiceps",0.632752128917209,1.40207947456834,1.51403235089412,-0.549405932626345,-1.33743388513166,-1.23689693768902,-1.37102066204433,-0.551502236460232,-0.0155575302639664
"315","Pseudopodoces humilis",0.529460292090815,0.408941550413526,0.605416069725524,0.707433202886703,0.641741172521063,0.515183535747009,0.554164817684184,-0.511351529920613,-0.809506786339991
"316","Megalaima haemacephala",-1.01292796368967,1.46295310582337,1.92190024612769,-1.8936636307007,-1.32014868227059,-0.879108631723961,-1.52850877413234,-1.10896923390386,-1.2047660879043
"317","Pterocles burchelli",-1.01292796368967,-1.51205404508439,-2.46117733774909,-0.523691188512708,-0.33956476408546,-0.388680556755112,-0.404380524830051,1.42959457468676,NA
"318","Pterocles gutturalis",0.632752128917209,-0.222705349965946,-0.322387662800337,1.26636934471484,-0.036506155024926,-0.956589608555092,0.319669446720066,-0.033476745134871,0.714840722257636
"319","Quiscalus mexicanus",0.355426244379853,0.17034119891355,0.433044209903351,0.886831119204119,0.731036058762711,0.52712201304124,0.717632035769388,-0.318373215731087,-0.262703291771715
"320","Ramphastos sulfuratus",-1.01292796368967,1.41255174639762,2.005070109915,-0.272719999637904,-0.177550443233064,-0.00818582988520563,-0.132913757326921,-1.31166253426857,-1.50460418470108
"321","Rhea pennata",-1.01292796368967,-0.95676178691436,1.86036299984589,-2.25302290602389,-3.91827017076905,-5.17867624997409,-3.55152057087326,-4.36998405074194,NA
"322","Rhipidura dahli",1.2970760903664,0.332586908204088,0.227146420693838,-0.281522568845759,-0.575258689405258,-0.351181717300065,-0.800462839966136,-0.0986749721014816,-0.973412380411679
"323","Rissa tridactyla",0.291242653792941,0.803473025366189,0.866163308411096,0.519526799721792,-0.104643108141558,0.00595348226454002,-0.00397548301336691,-0.437189347139162,-0.158622196238074
"324","Rynchops niger",-0.671418488565406,-0.0333301897419632,0.603344381769903,0.87294645010275,-0.0445042362421266,-0.586732284663235,0.491137589542118,-0.842282411700366,-0.598346012817514
"325","Sagittarius serpentarius",-1.01292796368967,0.602140667239766,-0.490675063559767,-0.103829358965085,-1.03696468584922,-1.79827107456074,-0.712887083656043,1.57706218144382,1.99061413541106
"326","Sapayoa aenigma",-0.829934573419657,0.970280006242129,-0.246338072680238,-0.014565070934348,0.56694970027453,0.615204018626345,0.41902117815941,1.50908055711623,1.62752833210245
"327","Saxicola torquatus",2.07674384245473,0.675019740496319,-0.124865989509205,1.19109074755165,0.831388191169784,0.827378335019704,0.896944207197516,0.924067258274759,1.16626003254515
"328","Semnornis frantzii",-1.01292796368967,1.05045860505382,0.971403122258688,-0.871124692686752,-0.993618212739398,-0.70278161446899,-0.953805243081527,-0.203271697738455,-0.266173487975952
"329","Spizaetus tyrannus",-0.00709452711621539,-0.146350707756507,-0.163761763340228,-0.41782021242904,-0.110174404774067,0.0569837957545668,-0.277635987401718,-0.0841026122384552,0.341723998626646
"330","Sporophila hypoxantha",-0.40652316006191,0.136956477259468,0.448591329024276,0.667785410441757,0.731149816852477,0.82538137627353,0.773901913843416,-0.732424409117905,-1.2621450924964
"331","Stachyris dennistouni",-1.01292796368967,-0.631936638944119,-0.318834239168601,-0.621736669867014,-0.161378630588185,0.0860375465295487,-0.208196621617304,-0.606511245500084,NA
"332","Sturnus vulgaris",0.936572493959346,1.15265012083299,1.38284293286083,1.77147324779145,0.950012194743517,0.842071777521899,1.13090738336204,-0.429343435326784,-0.491680897064254
"333","Tauraco erythrolophus",-0.190087917386233,0.887879166374121,1.31585604551811,-0.703304125141459,-0.976416234015961,-0.969611354428096,-0.99895825664077,-0.983553084850934,-1.35107009303943
"334","Tinamus guttatus",-1.01292796368967,-0.588622447911997,0.567618226405755,-2.18139432053397,-0.830421349130425,-0.392926073904898,-1.05754810707006,-1.8547142798571,-1.29074341850139
"335","Toxostoma redivivum",1.68024272579972,0.810856648021703,0.807514973745576,0.756131221819467,0.176412024647885,0.0694201792540515,0.314067204014442,-0.251779890526162,-0.0738577667786831
"336","Trogon melanurus",-1.01292796368967,0.810856648021703,1.04888212591872,-1.01009594312955,-0.944408376037167,-0.905533981049149,-1.16488757362266,-0.663387068329831,-0.722717930414488
"337","Tympanuchus cupido",-0.190087917386233,-0.810700817722499,0.204148114157906,-2.03150221144346,-2.29933702534183,-1.94416854799726,-2.46154051790211,-1.6236416592286,NA
"338","Uria aalge",0.151421557738036,0.675019740496319,0.068173544000391,0.00930501716675678,-0.508944707076615,-0.603662425326522,-0.413878943788014,0.656777258540784,-0.180675619905061
"339","Uria lomvia",-1.01292796368967,-0.508443849100301,0.313537018562416,-0.625129066189047,-1.9812791075426,-2.23154356404976,-1.6787061204792,-1.13492090077823,NA
"340","Urocolius indicus",-0.190087917386233,-0.588622447911997,-0.973499887356703,-0.129281534243966,0.0947966483531612,0.0391318465625638,-0.0608132940224056,0.454778795543246,NA
"341","Porzana atra",-1.01292796368967,0.96423380858356,0.243423372443237,0.906162375655995,-1.19654127699566,-1.47971386708746,0.383830285655172,0.752718472539678,0.963464953010689
"342","Zosterops hypoxanthus",0.897647457420705,0.332586908204088,-0.280509477619266,0.331304756346382,0.707307946313708,0.733021550080005,0.683243347551114,0.677507218260112,1.03820888794696
