"","b10k.species","b10k.unidirectional","b10k.migration","b10k.habitat","b10k.m_mass","b10k.unsexed_mass","b10k.s_bond_stab","b10k.territory","b10k.bill_nares","b10k.bill_total_culmen","b10k.bill_width","b10k.bill_depth","scientific","b10k.mass","territory","s_bond_stab","bill_PC1","bill_PC2","binary_habitat","binary_unidirectional","binary_territory","binary_s_bond_stab","binary_migration"
"1","Acanthisitta chloris",0,1,1,6.3,6.95,"strong","weak",1.84451003461358,12.2,2.625,2.375,"Acanthisitta chloris",1.84054963339749,2,3,8.14019301432909,1.16565684558919,1,0,1,3,1
"2","Acrocephalus arundinaceus",2,3,3,32.3,30,"none","weak",2.55334381134123,22.9,4.675,5.3,"Acrocephalus arundinaceus",3.47506723022861,2,1,4.16427113577533,0.994622146199885,3,3,1,1,3
"3","Aegithalos caudatus",0,1,2,9.2,8.6,"weak","weak",1.44101926080914,7.02,2.6,3.325,"Aegithalos caudatus",2.21920348405499,2,2,9.03487284733092,-0.608863438348374,1,0,1,1,1
"4","Aegotheles bennettii",0,1,1,47.25,53.625,"strong","strong",1.71829231734618,15.625,4.375,3.85,"Aegotheles bennettii",3.85545265393975,3,3,6.43445081750689,-0.116742500833221,1,0,3,3,1
"5","Agapornis roseicollis",0,1,2,55.4,54.5,"strong","none",2.84636181689972,19.45,10.65,17.925,"Agapornis roseicollis",4.01457959375324,1,3,0.97012922043804,-1.89906991043911,1,0,1,3,1
"6","Agelaius phoeniceus",3,3,3,65.3,52.4,"weak","weak",2.73328467206407,22.63333333,5.583333333,8.883333333,"Agelaius phoeniceus",4.17899203628239,2,2,2.90395002414151,0.232122418264895,3,3,1,1,3
"7","Alaudala cheleensis",0,2,3,NA,22.2,"strong","weak",1.96711235670592,11.375,3.825,4.525,"Calandrella cheleensis",3.10009228887823,2,3,NA,NA,3,0,1,3,3
"8","Alca torda",0,3,3,734,726,"strong","none",3.04808750388792,45.05,9.3,23.25,"Alca torda",6.59850902861452,1,3,-0.783978789974969,-0.414252742394036,3,0,1,3,3
"9","Aleadryas rufinucha",0,1,1,NA,40.5,"strong","strong",2.41591377830105,20.325,4.85,7.35,"Aleadryas rufinucha",3.70130197411249,3,3,3.98320355376371,0.160242943809209,1,0,3,3,1
"10","Alectura lathami",3,1,1,2520,2340,"none","none",3.03974915897077,37.825,12,17.45,"Alectura lathami",7.83201418050547,1,1,-0.451491864257051,-0.791587455325448,1,3,1,1,1
"11","Alopecoenas beccarii",0,1,1,94.8,65.4,"weak","weak",2.2082744135228,15.575,2.075,2.8,"Gallicolumba beccarii",4.55176940926098,2,2,NA,NA,1,0,1,1,1
"12","Amazona guildingii",0,1,1,NA,646,"strong","none",3.51154543883102,41.1,22.225,34.225,"Amazona guildingii",6.4707995037826,1,3,-3.13380440117742,-2.02282345398399,1,0,1,3,1
"13","Anas platyrhynchos",1,2,3,1246,1082,"weak","none",3.71296212462989,56.175,20.75,17.825,"Anas platyrhynchos",7.1276936993474,1,2,-2.79903106356663,-0.338917467471194,3,3,1,1,3
"14","Anas zonorhyncha",0,2,3,NA,NA,"weak","none",3.72025698980619,59.9,20.875,15.825,"Anas poecilorhyncha",NA,1,2,NA,NA,3,0,1,1,3
"15","Anhinga anhinga",0,1,3,NA,1235,"weak","none",4.36691299686383,83.72,11.74,14.24,"Anhinga anhinga",7.11882624906208,1,2,-3.08931833737299,2.39107758427267,3,0,1,1,1
"16","Anhinga rufa",0,1,3,NA,1480.06,"weak","none",4.24348270022581,84.975,9.125,12.05,"Anhinga rufa",7.29983790647696,1,2,-2.32265351254065,2.92051606373314,3,0,1,1,1
"17","Anser cygnoid",0,3,3,3575,3512.5,"strong","none",3.74832691275736,90.325,23.825,20.3,"Anser cygnoides",8.18172045512811,1,3,NA,NA,3,0,1,3,3
"18","Anseranas semipalmata",3,2,3,2766,2418.5,"strong","none",3.74655856570061,80.175,23.45,20.9,"Anseranas semipalmata",7.9251575122247,1,3,-3.81568735435612,-0.155165406658469,3,3,1,3,3
"19","Anthoscopus minutus",0,1,3,NA,6.6,"strong","weak",1.89461685466776,8.4,2.55,3.6,"Anthoscopus minutus",1.88706964903238,2,3,8.06967209279382,0.167584544272396,3,0,1,3,1
"20","Antrostomus carolinensis",0,3,2,109.9,109,"weak","weak",2.01823081063494,15.2,6.225,4.1,"Caprimulgus carolinensis",4.69957086140958,2,2,NA,NA,1,0,1,1,3
"21","Apaloderma vittatum",0,1,1,53.8,55,"strong","weak",2.27726728500976,14.875,8.175,7.975,"Apaloderma vittatum",3.98527346716774,2,3,3.74667893195607,-1.53321613309255,1,0,1,3,1
"22","Aphelocoma coerulescens",0,1,2,79.3,77.15,"strong","strong",2.87356463957978,28.8,7.925,8.95,"Aphelocoma coerulescens",4.3732381286408,3,3,1.81236954174213,0.152495538398414,1,0,3,3,1
"23","Aptenodytes forsteri",0,2,3,38200,33850,"weak","none",3.97930775223374,94.2,13.86,17.74,"Aptenodytes forsteri",10.5505907945947,1,2,-3.33999355118474,1.52696448792898,3,0,1,1,3
"24","Apteryx australis",0,1,1,2178.666667,2320.51,"strong","strong",0.693147180559945,125.15,4.525,5.675,"Apteryx australis",7.68646834802473,3,3,3.92989780586374,1.34686261189503,1,0,3,3,1
"25","Apteryx haastii",1,1,2,2151,2022.68,"strong","strong",1.83736998048011,150.62,5.02,5.82,"Apteryx haastii",7.67368812926773,3,3,1.94444461759205,2.8333179672182,1,3,3,3,1
"26","Apteryx mantelli",0,1,1,2120,2330,"strong","strong",1.47017584510059,140.575,4.3,4.475,"Apteryx mantelli",7.65917136766606,3,3,3.16075684589065,2.87792324797894,1,0,3,3,1
"27","Apteryx owenii",0,1,1,1135,1238.29,"strong","strong",0.693147180559945,87.375,3.1,3.325,"Apteryx owenii",7.0343879299155,3,3,5.85439053057948,2.12658794895795,1,0,3,3,1
"28","Apteryx rowi",0,1,1,NA,NA,"strong","strong",0.8754687373539,157,4.7,5.3,"Apteryx rowi",NA,3,3,NA,NA,1,0,3,3,1
"29","Aquila chrysaetos",0,2,3,3736,4247.97,"strong","weak",3.6099038851786,56.75,18.5,28.3625,"Aquila chrysaetos",8.22577079934873,2,3,-3.2062118214378,-0.830766828699387,3,0,1,3,3
"30","Aramus guarauna",3,1,3,1240,1080,"strong","strong",3.4773865200197,55.425,9.175,11.575,"Aramus guarauna",7.12286665859908,3,3,-0.600789102949254,1.34378579290638,3,3,3,3,1
"31","Arcanator orostruthus",0,1,1,32.5,32.7,"strong","strong",2.31253542384721,19.3,3.5,3.9,"Modulatrix orostruthus",3.48124008933569,3,3,NA,NA,1,0,3,3,1
"32","Ardeotis kori",3,1,3,11300,8460,"none","none",4.13756368134208,108.95,20.925,20.675,"Ardeotis kori",9.33255800470043,1,1,-4.61853939484442,1.02609893664381,3,3,1,1,1
"33","Arenaria interpres",0,3,3,134,136,"strong","none",2.75206708651898,25.875,3.875,5.425,"Arenaria interpres",4.89783979995091,1,3,3.9588376865983,1.73631842962166,3,0,1,3,3
"34","Artamus cinereus",0,1,2,NA,35.6,"strong","weak",2.59897910604785,21.75,5.675,7.55,"Artamus cinereus",3.57234563785798,2,3,3.36253842581865,0.17963271111919,1,0,1,3,1
"35","Asarcornis scutulata",0,1,3,3400,3000,"none","none",3.77390970329851,63.7,23.35,18.675,"Cairina scutulata",8.13153071060425,1,1,NA,NA,3,0,1,1,1
"36","Atlantisia rogersi",0,1,2,41.8,39.35,"strong","strong",2.53963154947725,21.225,2.625,4.2,NA,3.73289633953071,3,3,NA,NA,1,0,3,3,1
"37","Atrichornis clamosus",3,1,2,51.8,43.05,"strong","strong",2.11021320034659,19.93333333,3.3,5.1,"Atrichornis clamosus",3.94739014926544,3,3,5.53996054286611,0.897302573126872,1,3,3,3,1
"38","Balaeniceps rex",0,1,3,6700,5984,"weak","none",5.15905529921453,201.75,91.375,88.9,NA,8.80986280537906,1,2,NA,NA,3,0,1,1,1
"39","Balearica regulorum",0,1,3,NA,3772,"strong","weak",3.58490686373096,67.65,16.5,17.925,"Balearica regulorum",8.23536064375335,2,3,-2.58444784844764,0.196240043908087,3,0,1,3,1
"40","Baryphthengus martii",0,1,1,159.2,165.5,"strong","strong",3.50063127876008,48.39,11.43636364,13.58181818,"Baryphthengus martii",5.07016127341028,3,3,-0.990606793890138,0.56573088859714,1,0,3,3,1
"41","Batrachostomus septimus",0,1,1,94.9,87.1,"strong","strong",2.87638551592142,24.425,25.325,12.775,"Batrachostomus septimus",4.55282370561588,3,3,-0.205672854206037,-2.61684283042094,1,0,3,3,1
"42","Bombycilla garrulus",0,3,1,55,54.45,"weak","none",2.02485335139543,15.75,5.1,6.1,"Bombycilla garrulus",4.00733318523247,1,2,5.0977773750905,-0.578206665837929,1,0,1,1,3
"43","Brachypodius atriceps",0,1,1,NA,25.5,"strong","weak",2.30258509299405,15.575,4.4,4.625,"Pycnonotus atriceps",3.23867845216438,2,3,NA,NA,1,0,1,3,1
"44","Brachypteracias leptosomus",0,1,1,NA,185,"strong","weak",3.29676236352527,41.7,13.325,15.025,"Brachypteracias leptosomus",5.22035582507832,2,3,-0.872040843613981,-0.318848646667486,1,0,1,3,1
"45","Bucco capensis",0,1,1,NA,54,"strong","strong",3.08876713952118,33.525,11.25,12.675,"Bucco capensis",3.98898404656427,3,3,0.247824653209106,-0.403873618660012,1,0,3,3,1
"46","Buceros rhinoceros",0,1,1,2580,2380,"strong","weak",5.37218721495969,261,53.025,109.45,"Buceros rhinoceros",7.85554467791566,2,3,-11.4892839023024,0.172935225937036,1,0,1,3,1
"47","Bucorvus abyssinicus",0,1,3,4000,4000,"strong","strong",5.24570741627574,256.5,31.375,56.275,"Bucorvus abyssinicus",8.29404964010203,3,3,-9.5123278646352,1.76004784221443,3,0,3,3,1
"48","Buphagus erythrorhynchus",0,1,3,51,50.75,"strong","none",2.50552593699074,19.74,5.825,7.175,"Buphagus erythrorhynchus",3.93182563272433,1,3,3.67325024014577,-0.0705358582376829,3,0,1,3,1
"49","Burhinus bistriatus",0,1,3,787,787,"strong","weak",3.23277873003719,49.775,10.425,12.15,"Burhinus bistriatus",6.6682282484174,2,3,-0.376042115487733,0.58472278277899,3,0,1,3,1
"50","Cairina moschata",3,1,3,2858,2450,"weak","none",3.65616254529932,65.2375,22.35,15.7875,"Cairina moschata",7.95787735848981,1,2,-2.88410895774032,-0.152662793339807,3,3,1,1,1
"51","Calcarius ornatus",1,3,3,19.8,20.3,"weak","weak",2.01756613796175,11.4,4.22,5.22,"Calcarius ornatus",2.98568193770049,2,2,6.12458468565175,-0.563290349582422,3,3,1,1,3
"52","Calidris pugnax",3,3,3,170,136,"none","none",3.28559945691111,38.375,3.575,5.075,"Philomachus pugnax",5.13579843705026,1,1,NA,NA,3,3,1,1,3
"53","Callaeas wilsoni",0,1,1,NA,NA,"strong","strong",2.73760900334375,32.55,9.875,13.2,"Callaeas cinereus",NA,3,3,NA,NA,1,0,3,3,1
"54","Callipepla squamata",0,1,3,191,184,"strong","weak",2.11021320034659,13.65,5.725,6.95,"Callipepla squamata",5.25227342804663,2,3,4.83817749701804,-1.06804382570786,3,0,1,3,1
"55","Caloenas nicobarica",0,2,1,492,540,"weak","none",2.80032547721138,30.775,5.325,7.45,"Caloenas nicobarica",6.19847871649231,1,2,2.67548150581621,1.1044388120028,1,0,1,1,3
"56","Calonectris borealis",0,3,3,955.6,535,"strong","weak",3.71843825635548,55,11.35,15.05,"Calonectris diomedea",6.86233941545165,2,3,NA,NA,3,0,1,3,3
"57","Calypte anna",3,2,2,4.5,4.25,"none","none",2.75047091698616,20.325,1.425,1.7,"Calypte anna",1.50407739677627,1,1,7.57271121428015,4.59368438778202,1,3,1,1,3
"58","Calyptomena viridis",2,1,1,NA,58.5,"weak","weak",2.28848616861454,16.56,5.72,6.1,"Calyptomena viridis",4.06902675423781,2,2,4.50194576786299,-0.378077658684738,1,3,1,1,1
"59","Campylorhamphus procurvoides",0,1,1,NA,33.5,"weak","strong",3.91342202634185,55.75,4.072727273,5.309090909,"Campylorhamphus procurvoides",3.51154543883102,3,2,1.20068426659323,4.31595015181717,1,0,3,1,1
"60","Cardinalis cardinalis",0,1,2,43.5,42.65,"strong","weak",2.54317555791198,17.78181818,8.52,11.58,"Cardinalis cardinalis",3.77276093809464,2,3,2.49798093679736,-1.46733174203232,1,0,1,3,1
"61","Cariama cristata",0,1,2,NA,1400,"strong","strong",3.62633893563904,66.725,15.2,17.8,"Cariama cristata",7.24422751560335,3,3,-2.48464027094594,0.38035592843798,1,0,3,3,1
"62","Casuarius casuarius",2,1,1,NA,44000,"weak","strong",3.27714473299218,104.75,13.775,19.075,"Casuarius casuarius",10.6919449129004,3,2,-2.68010933719095,0.747783572718735,1,3,3,1,1
"63","Cathartes aura",0,2,3,1426,1552,"strong","none",3.3178157727231,51.06,14.425,17.44,NA,7.26262860097424,1,3,NA,NA,3,0,1,3,3
"64","Catharus fuscescens",0,3,1,43.3,31.9,"weak","weak",2.31005710783275,17.23333333,4.275,4.175,"Catharus fuscescens",3.76815263500844,2,2,5.41669367084611,0.706367491405886,1,0,1,1,3
"65","Catharus ustulatus",0,3,1,29.7,30.3,"weak","none",2.17562546556769,16.56428571,4.023076923,4.015384615,"Catharus ustulatus",3.39114704580865,1,2,5.80417339667012,0.63529051242863,1,0,1,1,3
"66","Centropus bengalensis",0,1,2,116.1,161.05,"strong","strong",2.7552518025865,28.7,6.7,11.125,"Centropus bengalensis",4.75445188870385,3,3,1.89701760000641,0.0257031384378472,1,0,3,3,1
"67","Centropus unirufus",0,1,1,168,184.5,"weak","weak",3.18841661738349,37.3,9.175,15.05,"Centropus unirufus",5.12396397940326,2,2,-0.00233562576179153,0.0332338788673973,1,0,1,1,1
"68","Cephalopterus ornatus",3,1,1,NA,380,"none","none",3.61899332664977,54.6,19.4875,19.2375,"Cephalopterus ornatus",5.94017125272043,1,1,-2.65231227805882,-0.484010085767983,1,3,1,1,1
"69","Cepphus grylle",0,3,3,376,378,"strong","none",3.10906095886099,38.1,5.925,9.475,"Cepphus grylle",5.92958914338989,1,3,1.41782107177526,1.32882641418714,3,0,1,3,3
"70","Cercotrichas coryphoeus",0,1,2,NA,20.4,"strong","strong",2.26176309847379,15.575,3.25,3.525,"Erythropygia coryphaeus",3.01553490085017,3,3,NA,NA,1,0,3,3,1
"71","Certhia brachydactyla",1,1,1,8.8,8.2,"weak","weak",2.4046903159312,17.58,2.025,2.575,"Certhia brachydactyla",2.17475172148416,2,2,7.10341401157257,2.79127949556847,1,3,1,1,1
"72","Certhia familiaris",1,1,1,9.2,9,"weak","weak",2.49801480546658,18.34166667,2,2.625,"Certhia familiaris",2.21920348405499,2,2,6.90458254299109,2.97102412193538,1,3,1,1,1
"73","Cettia cetti",3,1,2,15.2,13.35,"strong","weak",2.03143232249348,13.65,2.425,2.875,"Cettia cetti",2.72129542785223,2,3,7.55141880895627,1.47332886930966,1,3,1,3,1
"74","Ceuthmochares aereus",0,1,1,67.6,65.8,"strong","strong",2.9882040071332,27.575,9.95,10.5,"Ceuthmochares aereus",4.21360798304892,3,3,1.14891783914174,-0.380209680167926,1,0,3,3,1
"75","Ceyx cyanopectus",0,1,1,NA,21.5,"strong","weak",3.41032228943916,39.52857143,6.2,7.575,"Alcedo cyanopectus",3.06805293513362,2,3,NA,NA,1,0,1,3,1
"76","Chaetops frenatus",0,1,3,57.4,55.05,"strong","strong",2.56494935746154,24.1,3.733333333,4.933333333,"Chaetops frenatus",4.05004430332552,3,3,4.51352227873796,1.57949125901976,3,0,3,3,1
"77","Chaetorhynchus papuensis",0,1,1,42,37.5,"strong","strong",2.36555989215543,20.34,5,7.625,"Chaetorhynchus papuensis",3.73766961828337,3,3,3.94762978899711,-0.00109183018073988,1,0,3,3,1
"78","Chaetura pelagica",0,3,1,NA,23.6,"strong","none",1.26694760348732,5.75,2.825,2.4,"Chaetura pelagica",3.16124671203156,1,3,9.93909152632487,-0.874837746091114,1,0,1,3,3
"79","Charadrius alexandrinus",0,2,3,48.2,42.3,"weak","weak",2.38416507998647,16.275,2.975,3.15,"Charadrius alexandrinus",3.87535902105655,2,2,NA,NA,3,0,1,1,3
"80","Charadrius vociferus",0,3,3,92.1,96.55,"strong","weak",2.57451880847769,21.525,3.55,4.175,"Charadrius vociferus",4.52287494326126,2,3,5.00192549361415,1.71302911872099,3,0,1,3,3
"81","Chauna torquata",0,1,3,NA,4400,"strong","strong",3.0842009215416,46.7,13.975,15.55,"Chauna torquata",8.38935981990635,3,3,-0.890292585557443,-0.530578491369727,3,0,3,3,1
"82","Chionis minor",0,2,3,625,469,"weak","none",3.11684309930305,33.55,8.575,14.5,"Chionis minor",6.4377516497364,1,2,0.412774530160098,-0.054769572946101,3,0,1,1,3
"83","Chlamydotis macqueenii",1,1,3,1960,1555,"none","none",3.19355801688391,44.275,11.025,9.325,NA,7.58069975222456,1,1,NA,NA,3,3,1,1,1
"84","Chloroceryle aenea",0,1,2,NA,12.7,"strong","strong",3.17805383034795,31.3,4.96,6.44,"Chloroceryle aenea",2.54160199346455,3,3,2.47724760486039,1.9065659643217,1,0,3,3,1
"85","Chlorodrepanis virens",0,1,1,14,13.7,"strong","weak",2.42921774392741,20.42,3.775,4.575,"Hemignathus virens",2.63905732961526,2,3,NA,NA,1,0,1,3,1
"86","Chloropsis cyanopogon",0,1,1,NA,22,"strong","weak",2.54944517092557,18.68333333,4.2,5,"Chloropsis cyanopogon",3.09104245335832,2,3,4.73190292083546,0.933206110370207,1,0,1,3,1
"87","Chloropsis hardwickii",0,3,1,36,32.75,"strong","weak",2.70136121295141,24.8,4.525,5.325,"Chloropsis hardwickii",3.58351893845611,2,3,3.88772508584614,1.35471960595438,1,0,1,3,3
"88","Chordeiles acutipennis",0,2,2,NA,49.9,"weak","weak",1.44101926080914,8.68,3.45,2.36,"Chordeiles acutipennis",3.91002100275747,2,2,8.7995881768151,-0.345834918793753,1,0,1,1,3
"89","Chroicocephalus maculipennis",0,1,3,NA,339,"strong","none",2.81090758654192,39.75,4.425,8.85,"Larus maculipennis",5.82600010738045,1,3,NA,NA,3,0,1,3,1
"90","Chunga burmeisteri",0,1,2,NA,1298,"strong","strong",3.3826939100976,59.225,14.125,16.15,"Chunga burmeisteri",7.16857989726403,3,3,-1.72369608473902,0.145016116957008,1,0,3,3,1
"91","Ciccaba nigrolineata",0,1,1,435,458.5,"strong","strong",2.91235066461494,36.65,8.975,15.975,"Strix nigrolineata",6.07534603108868,3,3,NA,NA,1,0,3,3,1
"92","Ciconia maguari",0,2,3,4200,4000,"strong","none",5.20583651357106,248.5,26.6,35.425,"Ciconia maguari",8.34283980427146,1,3,-8.46842908586507,2.53726306735656,3,0,1,3,3
"93","Cinclus mexicanus",2,1,3,61,57.8,"strong","weak",2.45958884180371,21.3,3.375,4.775,"Cinclus mexicanus",4.11087386417331,2,3,5.04299831323326,1.47553935828899,3,3,1,3,1
"94","Circaetus pectoralis",0,1,2,NA,1500,"strong","strong",3.51898041731854,46.475,14.75,23.275,"Circaetus pectoralis",7.3132203870903,3,3,-2.14202683201704,-0.605796031685317,1,0,3,3,1
"95","Cisticola juncidis",3,3,3,7.5,6.85,"weak","weak",1.91323936676576,11.1,2.1,2.55,"Cisticola juncidis",2.01490302054226,2,2,8.42217787752865,1.40879199590329,3,3,1,1,3
"96","Climacteris rufus",0,1,2,34.6,32.7,"strong","strong",2.34420676768487,19.88,3.275,3.425,"Climacteris rufus",3.54385368206368,3,3,5.84616527239888,1.69648379415605,1,0,3,3,1
"97","Cnemophilus loriae",3,1,1,93,83.5333,"none","none",2.45744980355496,24.375,6.125,5.6,"Cnemophilus loriae",4.53259949315326,1,1,3.70780529551882,0.42507519731957,1,3,1,1,1
"98","Cochlearius cochlearius",0,1,2,693,645,"weak","none",4.18813844150846,87.225,44.075,29.325,"Cochlearius cochlearius",6.5410299991899,1,2,-5.97851007429336,-1.02614084162485,1,0,1,1,1
"99","Colinus virginianus",0,1,2,173,178,"weak","weak",2.148850993052,14.9,7,8.375,"Colinus virginianus",5.15329159449778,2,2,4.07113290094936,-1.47470761798823,1,0,1,1,1
"100","Colius striatus",0,1,2,54,51.1,"strong","weak",2.24070968927596,14.65,6.575,7.4,"Colius striatus",3.98898404656427,2,3,4.25603612289191,-1.1208753900495,1,0,1,3,1
"101","Columba livia",0,1,3,369,354.5,"strong","none",2.49650578563135,22.97,4.28,4.92,"Columba livia",5.91079664404053,1,3,4.47799502701494,1.1799443650754,3,0,1,3,1
"102","Columbina picui",0,3,3,NA,47,"weak","none",2.17758860281936,14.77777778,3.3,4.277777778,"Columbina picui",3.85014760171006,1,2,6.17878423794166,0.73051104911909,3,0,1,1,3
"103","Copsychus sechellarum",0,1,1,77,71,"strong","strong",2.82879181879834,25.95,5.925,6.55,NA,4.34380542185368,3,3,NA,NA,1,0,3,3,1
"104","Corvus brachyrhynchos",0,2,2,538,506,"strong","none",3.56529839234258,49.26,13.25,17.3,"Corvus brachyrhynchos",6.28785856016178,1,3,-1.68686751620687,0.107175584335325,1,0,1,3,3
"105","Corvus corone",0,1,3,577,570,"strong","none",3.5918177412708,54.5375,14.8,18.77142857,NA,6.3578422665081,1,3,NA,NA,3,0,1,3,1
"106","Corvus moneduloides",0,1,2,309,279,"strong","strong",3.3472690396366,42.3,10.7,17,NA,5.73334127689775,3,3,NA,NA,1,0,3,3,1
"107","Corythaeola cristata",0,1,1,903,965,"strong","strong",2.93518577368596,38.875,9.2,18.55,"Corythaeola cristata",6.80572255341699,3,3,-0.0515341706052386,-0.482044452286584,1,0,3,3,1
"108","Corythaixoides concolor",0,1,2,268,258,"strong","strong",2.53765721517353,25.325,7.9,13.5,"Corythaixoides concolor",5.59098698051086,3,3,1.84010539205272,-0.9761649502131,1,0,3,3,1
"109","Coturnix japonica",2,3,3,93,94.8,"weak","none",2.04446182278381,14.525,4.725,5.175,"Coturnix japonica",4.53259949315326,1,2,5.55855840925456,-0.33868713116281,3,3,1,1,3
"110","Crotophaga sulcirostris",0,1,3,87.3,82.2,"strong","strong",2.85647020622048,26.85,11.8,17.175,"Crotophaga sulcirostris",4.46935046284556,3,3,0.369052732235642,-1.50737333233342,3,0,3,3,1
"111","Crypturellas cinnamomeus",3,1,1,NA,422,"none","strong",2.37257746481408,26.225,5.4,5,NA,6.04500531403601,3,1,NA,NA,1,3,3,1,1
"112","Crypturellas soui",0,1,1,198,217,"weak","strong",2.07665989874581,22.34,4.211111111,3.888888889,NA,5.28826703069454,3,2,NA,NA,1,0,3,1,1
"113","Crypturellas undulatus",0,1,1,513,567,"none","weak",2.51971057198269,30.3,5.95,5.7,NA,6.24027584517077,2,1,NA,NA,1,0,1,1,1
"114","Cuculus canorus",0,3,2,117,111.5,"none","none",2.76945882923085,25.775,8.05,7.5,"Cuculus canorus",4.76217393479776,1,1,2.36352099752579,0.0441043811998706,1,0,1,1,3
"115","Daphoenositta chrysoptera",1,1,2,11.7,11.7,"strong","strong",2.26695791535089,13.9,2.575,3.425,"Daphoenositta chrysoptera",2.45958884180371,3,3,6.8605630094605,1.46525301671244,1,3,3,3,1
"116","Dasyornis broadbenti",0,1,2,70.7,67.9,"strong","strong",2.33859553083862,23.05,4.6,5.633333333,"Dasyornis broadbenti",4.25844557290253,3,3,4.36921719371209,0.692021917914267,1,0,3,3,1
"117","Dicaeum eximium",0,1,1,NA,7.9,"strong","none",1.69101789942652,9.1,3,3.25,"Dicaeum eximium",2.06686275947298,1,3,8.12493030465872,-0.117586583124223,1,0,1,3,1
"118","Dicrurus megarhynchus",0,1,1,NA,130,"strong","strong",3.21386328304466,37.3,10.55,12.175,"Dicrurus megarhynchus",4.86753445045558,3,3,0.074477279200396,0.0832983034275538,1,0,3,3,1
"119","Donacobius atricapilla",0,1,3,NA,36.8,"strong","strong",2.69968195143169,26.26,4.625,5.44,"Donacobius atricapilla",3.60549784517489,3,3,3.73665046479695,1.37696197332946,3,0,3,3,1
"120","Dromaius novaehollandiae",2,1,3,31500,34200,"weak","weak",3.27525615830431,82.375,32.15,16.85,"Dromaius novaehollandiae",10.3577428248137,2,2,-3.38447735405855,-0.983484777249926,3,3,1,1,1
"121","Dromas ardeola",0,1,3,NA,325,"weak","none",3.8027660194912,62.85,9.875,14.525,"Dromas ardeola",5.78382518232974,1,2,-1.6746855482834,1.52645272223487,3,0,1,1,1
"122","Drymodes brunneopygia",0,1,2,36.7,33.15,"strong","strong",2.16905370036952,15.65,3.275,3.775,"Drymodes brunneopygia",3.60277675506052,3,3,6.30062439479214,0.981241382154199,1,0,3,3,1
"123","Dryoscopus gambensis",0,1,2,32.5,31.9,"strong","weak",2.5552874465498,22.56,5.975,7.325,"Dryoscopus gambensis",3.48124008933569,2,3,3.33204486364593,0.129846259947081,1,0,1,3,1
"124","Dulus dominicus",0,1,2,NA,48.4,"strong","strong",2.27982810587143,18.15,4.55,6.425,"Dulus dominicus",3.87949981372259,3,3,4.63501834188028,0.0970691320679806,1,0,3,3,1
"125","Dyaphorophyia castanea",0,1,1,14.3,14.1,"strong","strong",2.15986879079245,16,5.35,4.08,"Platysteira castanea",2.66025953726586,3,3,NA,NA,1,0,3,3,1
"126","Edolisoma coerulescens",0,1,1,65.5,62.9,"strong","strong",2.80638610182307,25.525,8.175,8.375,"Coracina coerulescens",4.18205014264121,3,3,NA,NA,1,0,3,3,1
"127","Egretta garzetta",0,2,3,NA,312,"weak","none",4.22024272909747,95.975,8.8,10.775,"Egretta garzetta",5.74300318780948,1,2,-2.25815910646009,3.28883051981569,3,0,1,1,3
"128","Elachura formosa",0,1,1,NA,5,"strong","strong",2.10108071678332,12.975,2.4,3.125,"Spelaeornis formosus",1.6094379124341,3,3,NA,NA,1,0,3,3,1
"129","Emberiza fucata",0,3,2,NA,19.8,"weak","weak",2.06051353179432,13.075,4.275,5.75,"Emberiza fucata",2.98568193770049,2,2,5.69117185282285,-0.43924144430254,1,0,1,1,3
"130","Eolophus roseicapilla",0,1,3,345,328,"strong","none",3.14199478053224,30.85,19.075,27.75,"Cacatua roseicapilla",5.84354441703136,1,3,NA,NA,3,0,1,3,1
"131","Eremophila alpestris",0,3,3,38.65,31.2,"weak","weak",2.22191718992659,13.425,4.05,4.825,"Eremophila alpestris",3.65454677503343,2,2,5.78230532780766,0.118359202578758,3,0,1,1,3
"132","Erithacus rubecula",0,3,1,16.6,17.7,"weak","strong",1.9387416595767,13,2.925,3.3,"Erithacus rubecula",2.8094026953625,3,2,7.26176398066232,0.775336385564721,1,0,3,1,3
"133","Erpornis zantholeuca",0,1,1,NA,11.8,"strong","weak",2.13416644136908,14.025,3.2,4,"Erpornis zantholeuca",2.46809953147162,2,3,6.46373128836823,0.733876147806489,1,0,1,3,1
"134","Erythrocercus mccallii",1,1,1,NA,7.2,"strong","weak",1.76644166124377,10.76,2.95,2.825,"Erythrocercus mccallii",1.97408102602201,2,3,8.00217157123448,0.445623307066629,1,3,1,3,1
"135","Eubucco bourcierii",0,1,1,NA,37,"strong","weak",2.69799986524871,19.75,5.5,8.375,"Eubucco bourcierii",3.61091791264422,2,3,3.27232795920029,0.0749588351494805,1,0,1,3,1
"136","Eudromia elegans",3,1,2,678,703.5,"weak","weak",2.62611681833952,28.38,7.12,7.34,"Eudromia elegans",6.5191472879404,2,2,2.6188517308704,0.264335052806177,1,3,1,1,1
"137","Eulacestoma nigropectus",0,1,1,NA,20,"strong","weak",1.99129315490313,15.175,3.925,8.4,"Eulacestoma nigropectus",2.99573227355399,2,3,5.1093465670178,-0.615471807133326,1,0,1,3,1
"138","Eurypyga helias",0,1,2,227,210,"weak","strong",3.71357206670431,58.15,2.975,8.7,"Eurypyga helias",5.4249500174814,3,2,1.12465963031956,4.07229373901441,1,0,3,1,1
"139","Eurystomus gularis",0,1,2,92.2,96.3,"weak","weak",2.72129542785223,25.175,11.425,12.525,"Eurystomus gularis",4.52396013056255,2,2,1.16958695409962,-1.32054167852539,1,0,1,1,1
"140","Falco cherrug",0,3,3,870,966,"strong","weak",3.08190996979504,34.875,15.375,18.2,NA,6.76849321164863,2,3,NA,NA,3,0,1,3,3
"141","Falco peregrinus",0,2,3,567,697.5,"strong","strong",2.95880891944939,38.95,13.85,15.775,"Falco peregrinus",6.34035930372775,3,3,-0.452624722183159,-0.973076432501251,3,0,3,3,3
"142","Falcunculus frontatus",0,1,1,30.5,28.05,"strong","strong",2.31993373132866,20.025,4.8,10.7,"Falcunculus frontatus",3.41772668361337,3,3,3.58332146430096,-0.435979832586338,1,0,3,3,1
"143","Ficedula albicollis",2,3,1,12.9,12.7,"strong","weak",1.80418198922661,11.875,3.825,3.2,"Ficedula albicollis",2.55722731136763,2,3,7.22473846891655,0.0287121080496084,1,3,1,3,3
"144","Formicarius rufipectus",0,1,1,NA,74.4,"strong","strong",2.57261223020711,26.775,5.625,6.625,"Formicarius rufipectus",4.30945594183905,3,3,3.28529649224273,0.654717338924425,1,0,3,3,1
"145","Fregata magnificens",0,3,3,1365,1499.25,"weak","none",4.56330598188939,124.45,25.225,22.025,"Fregata magnificens",7.21890970761906,1,2,-5.75878996846088,1.34869770866983,3,0,1,1,3
"146","Fregetta grallaria",0,3,3,47,51.6333,"strong","none",2.16332302566054,19.725,3.275,4.35,NA,3.85014760171006,1,3,NA,NA,3,0,1,3,3
"147","Fulmarus glacialis",0,3,3,649,613,"strong","none",3.16230547337981,40.175,12.55,14,NA,6.47543271670409,1,3,NA,NA,3,0,1,3,3
"148","Furnarius figulus",0,1,1,28,28,"strong","strong",2.61006979274201,18.6,3.54,4.428571429,"Furnarius figulus",3.3322045101752,3,3,5.09672153456447,1.45765819681676,1,0,3,3,1
"149","Galbula dea",0,1,1,NA,27.4,"strong","weak",3.85333400907947,56.6,6.025,8.175,"Galbula dea",3.31054301339402,2,3,0.0227051649746245,3.0259842634248,1,0,1,3,1
"150","Gallus gallus",3,1,1,988,904,"weak","weak",2.73436750941958,30.875,8.8875,8.9375,NA,6.89568269774787,2,2,NA,NA,1,3,1,1,1
"151","Gallus lafayettii",3,1,1,965,766.25,"weak","weak",2.75206708651898,34.425,9.175,9.533333333,NA,6.87212810133899,2,2,NA,NA,1,3,1,1,1
"152","Gallus sonneratii",3,1,1,963,855.25,"weak","weak",2.70359585052962,33.46666667,9.125,9.15,"Gallus sonneratii",6.87005341179813,2,2,1.55994260863182,-0.099117903549865,1,3,1,1,1
"153","Gallus varius",3,1,2,1061,914.25,"weak","weak",2.61739583283408,28.76666667,8.725,9.325,NA,6.96696713861398,2,2,NA,NA,1,3,1,1,1
"154","Gavia stellata",0,3,3,1729,1486,"strong","none",3.62167070442049,61.625,7.125,11.925,"Gavia stellata",7.45529848568329,1,3,-0.622083650520713,2.10072092299089,3,0,1,3,3
"155","Geococcyx californianus",0,1,2,319.12,376,"strong","strong",3.56529839234258,57.35,10.075,12.65,"Geococcyx californianus",5.76556720759715,3,3,-1.0425481283254,1.22778713087673,1,0,3,3,1
"156","Geospiza fortis",0,1,2,18.3,24,"weak","weak",2.49526943682355,17.74,8.1,11.15,"Geospiza fortis",2.90690105984738,2,2,2.69703312573721,-1.39260337383503,1,0,1,1,1
"157","Glareola pratincola",0,3,3,79,84.9,"strong","none",2.2975725511705,20.2,4.925,6,"Glareola pratincola",4.36944785246702,1,3,4.43073525800297,0.232841394965751,3,0,1,3,3
"158","Glaucidium brasilianum",0,1,2,64.3,70.75,"strong","weak",2.3297137603823,15.08,5.85,10.81,"Glaucidium brasilianum",4.16355963124357,2,3,3.69867398384905,-1.23507099437666,1,0,1,3,1
"159","Grallaria varia",0,1,1,NA,119,"strong","strong",2.83761540545685,28.575,6.975,10.35,"Grallaria varia",4.77912349311153,3,3,1.84390528784635,0.139814180426396,1,0,3,3,1
"160","Grantiella picta",0,3,2,22.83,21.5,"strong","weak",2.19165353228676,16.725,3.4,3.9,"Grantiella picta",3.1280754605417,2,3,6.06317106472793,1.00611472380537,1,0,1,3,3
"161","Grus americana",0,3,3,7496.5,5826,"strong","weak",4.34477897377221,148.75,13.1,21.975,"Grus americana",8.92219152393496,2,3,-4.76570186842198,2.52773940088566,3,0,1,3,3
"162","Gymnogyps californianus",0,1,3,8800,8450,"strong","none",4.17937481140668,96.475,33.175,39.025,NA,9.0825070004663,1,3,NA,NA,3,0,1,3,1
"163","Gymnorhina tibicen",2,1,2,295.6,286.5,"strong","strong",3.5791885882309,56.28888889,11.74444444,15.57777778,"Gymnorhina tibicen",5.68900718907405,3,3,-1.57384376450715,0.680801616429259,1,3,3,3,1
"164","Halcyon senegalensis",0,1,2,53.1,74.5,"strong","strong",3.53660201866836,43.2,11.675,12.175,"Halcyon senegalensis",3.97217692824789,3,3,-0.728778813298297,0.532412477581277,1,0,3,3,1
"165","Haliaeetus albicilla",0,2,3,4014,4793,"strong","weak",3.83189696094886,75.8,22.9,34.225,"Haliaeetus albicilla",8.29754352935628,2,3,-4.54733048549241,-0.71711460228426,3,0,1,3,3
"166","Haliaeetus leucocephalus",0,3,3,4130,4740,"strong","weak",3.87535902105655,76.025,23.95,34.1,"Haliaeetus leucocephalus",8.32603268595508,2,3,-4.67053794556245,-0.733940231457537,3,0,1,3,3
"167","Heliornis fulica",0,1,2,NA,132,"strong","weak",2.78963018809463,32.325,4.175,6.775,"Heliornis fulica",4.88280192258637,2,3,3.11951118722671,1.72073114635173,1,0,1,3,1
"168","Hemignathus wilsoni",0,1,1,28.9,28,"strong","strong",3.10234200861225,26.35,5.5,6.55,"Hemignathus munroi",3.36384159511839,3,3,NA,NA,1,0,3,3,1
"169","Hemiprocne comata",0,1,1,NA,20.8,"weak","strong",1.14740245283754,5.55,3.275,1.9,"Hemiprocne comata",3.03495298670727,3,2,10.2818300151585,-1.04661762289003,1,0,3,1,1
"170","Herpetotheres cachinnans",0,1,2,583,625,"strong","strong",2.90621776634624,32.7375,12.3875,20.4,"Herpetotheres cachinnans",6.36818718635049,3,3,-0.334512636183705,-1.43689035832812,1,0,3,3,1
"171","Himantopus himantopus",0,2,3,164,161,"weak","weak",3.85333400907947,63.4,4.25,4.625,"Himantopus himantopus",5.0998664278242,2,2,1.22458041812261,4.54227927541745,3,0,1,1,3
"172","Hippolais icterina",0,3,1,13.4,13.2,"weak","weak",2.2082744135228,19.725,3.7,3.35,"Hippolais icterina",2.59525470695687,2,2,5.88832307020134,1.32749418321757,1,0,1,1,3
"173","Hirundo rustica",2,3,3,17.15,19.3,"weak","none",1.82601449376373,11.725,4.527272727,2.790909091,"Hirundo rustica",2.84199817361195,1,2,7.16972460984371,-0.0918061637187932,3,3,1,1,3
"174","Horornis vulcanius",0,1,1,NA,NA,"strong","strong",1.94591014905531,13.74,2.725,2.725,"Cettia vulcania",NA,3,3,NA,NA,1,0,3,3,1
"175","Hydrobates tethys",0,3,3,NA,22.6,"strong","none",2.11323892126313,13.225,1.925,3.45,NA,3.11794990627824,1,3,NA,NA,3,0,1,3,3
"176","Hylia prasina",0,1,1,14.1,13.1,"strong","strong",2.09679018001445,13.04545455,3.19,3.55,"Hylia prasina",2.64617479738412,3,3,6.80909442937819,0.72961463476946,1,0,3,3,1
"177","Hypocnemis ochrogyna",0,1,1,NA,12.3,"strong","strong",2.17190676935193,15.425,4,4.05,"Hypocnemis ochrogyna",2.50959926237837,3,3,5.91502811479987,0.517913649508243,1,0,3,3,1
"178","Hypocryptadius cinnamomeus",0,1,1,NA,30,"strong","strong",2.3297137603823,17.55,4.15,5.5,"Hypocryptadius cinnamomeus",3.40119738166216,3,3,4.99249287399592,0.464971731879716,1,0,3,3,1
"179","Ibidorhyncha struthersii",0,2,3,NA,294,"strong","weak",4.15496918403854,78,5.525,6.3,"Ibidorhyncha struthersii",5.68357976733868,2,3,-0.349504790896586,4.38501870060872,3,0,1,3,3
"180","Ifrita kowaldi",0,1,1,NA,32.1,"strong","strong",2.30258509299405,16.375,4.075,4.75,"Ifrita kowaldi",3.46885603013597,3,3,5.38310331856794,0.539412371944756,1,0,3,3,1
"181","Illadopsis cleaveri",0,1,1,26.5,30.8,"strong","strong",2.16044532583292,16.1,3.175,4.35,"Illadopsis cleaveri",3.27714473299218,3,3,6.10119538251415,0.891875669938429,1,0,3,3,1
"182","Indicator maculatus",3,1,1,50.6,46.8,"none","none",2.03143232249348,13.325,4.625,5.8,"Indicator maculatus",3.92395157629342,1,1,5.56964373428942,-0.596076083606564,1,3,1,1,1
"183","Irena cyanogastra",0,1,1,NA,80.3,"weak","weak",2.97756830292632,28.76,8.65,11.37,"Irena cyanogastra",4.38576962095272,2,2,1.18711503592606,-0.178397041840498,1,0,1,1,1
"184","Jacana jacana",3,1,3,87.5,108.25,"weak","weak",2.90962957450058,33.26363636,4.1125,6.4,"Jacana jacana",4.47163879336357,2,2,3.02542236040131,2.01230068578195,3,3,1,1,1
"185","Junco hyemalis",0,3,2,19.3,18.6,"strong","weak",2.04769284336526,12,4.525,5.125,"Junco hyemalis",2.96010509591084,2,3,5.92900210526541,-0.546295687688991,1,0,1,3,3
"186","Lanius ludovicianus",1,3,3,NA,51.75,"strong","strong",2.51365606307399,21.15,5.625,9.375,"Lanius ludovicianus",3.94642443214548,3,3,3.20579582044198,-0.226510780129633,3,3,3,3,3
"187","Larus smithsonianus",0,2,3,1147,1085,"strong","none",3.1925318495286,66.675,8.525,18.075,"Larus argentatus",7.04490511712937,1,3,NA,NA,3,0,1,3,3
"188","Leiothrix lutea",0,1,1,21.3,21.4,"strong","weak",1.9565674435293,13.5,3.45,4.525,NA,3.05870707271538,2,3,NA,NA,1,0,1,3,1
"189","Lepidothrix coronata",3,1,1,8.033333333,8.22,"none","none",1.87472829456368,10.43333333,3.671428571,3.414285714,"Lepidothrix coronata",2.08359955178701,1,1,7.29590818011692,-0.096864751642638,1,3,1,1,1
"190","Leptocoma aspasia",0,1,2,NA,8,"strong","weak",2.72654478373837,19.95,3.38,2.96,"Nectarinia aspasia",2.07944154167984,2,3,NA,NA,1,0,1,3,1
"191","Leptosomus discolor",0,1,1,NA,255,"weak","weak",3.0022112396517,47.59,10.18,13.16,"Leptosomus discolor",5.54126354515843,2,2,-0.0876990559697121,0.171427667818781,1,0,1,1,1
"192","Leucopsar rothschildi",0,1,2,NA,91.3,"strong","weak",2.88759011493429,31.68,6.525,8.925,NA,4.51415078760092,2,3,NA,NA,1,0,1,3,1
"193","Limosa lapponica",0,3,3,285,292.5,"strong","none",4.31915339285537,92.875,5.275,7.9,"Limosa lapponica",5.65248918026865,1,3,-1.10687399126085,4.65969815028209,3,0,1,3,3
"194","Locustella ochotensis",0,3,3,NA,18.5,"weak","weak",2.23804657185647,16.15,2.925,3.45,NA,2.91777073208428,2,2,NA,NA,3,0,1,1,3
"195","Lonchura striata",0,1,3,NA,12.3,"strong","weak",2.11725902713967,12.00833333,6.683333333,7.833333333,NA,2.50959926237837,2,3,NA,NA,3,0,1,3,1
"196","Lophotis ruficrista",3,1,3,766,714,"none","none",3.09104245335832,38.3,8.725,8.25,"Eupodotis ruficrista",6.64118216974059,1,1,NA,NA,3,3,1,1,1
"197","Loxia curvirostra",0,2,1,41.2,40.6,"strong","none",2.77881927199042,20.2,6.325,11.175,"Loxia curvirostra",3.71843825635548,1,3,2.48877448920368,-0.401530809884242,1,0,1,3,3
"198","Loxia leucoptera",1,3,1,28.35,28.975,"strong","none",2.59525470695687,19.225,4.225,8.575,"Loxia leucoptera",3.34462703017376,1,3,3.80744687965897,0.344949985278943,1,3,1,3,3
"199","Machaerirhynchus nigripectus",0,1,1,NA,12,"strong","strong",1.9565674435293,14.975,7.775,2.975,"Machaerirhynchus nigripectus",2.484906649788,3,3,5.71594164363216,-0.587366361815884,1,0,3,3,1
"200","Malurus elegans",0,1,1,9.9,9.6,"strong","strong",1.81645208181843,14.075,2.925,2.6,"Malurus elegans",2.29253475714054,3,3,7.65822957006632,1.04983052102228,1,0,3,3,1
"201","Manacus manacus",3,1,1,18.5,15.2333,"none","none",1.91918250009307,11.53225806,4.492307692,4.232258065,"Manacus manacus",2.91777073208428,1,1,6.458270521118,-0.513497425197472,1,3,1,1,1
"202","Melanocharis versteri",0,1,1,11.9,15,"weak","weak",1.79175946922805,12.46,3.625,4.15,"Melanocharis versteri",2.47653840011748,2,2,6.85595479910447,-0.142739032823635,1,0,1,1,1
"203","Meleagris gallopavo",3,1,2,7800,6050,"weak","none",3.25231060095444,50.8,17.475,15.3,"Meleagris gallopavo",8.96187901267768,1,2,-1.55103645451806,-0.567668531060137,1,3,1,1,1
"204","Melopsittacus undulatus",0,2,3,29.2,29,"weak","none",2.42036812865043,12.7,7.3,10.95,"Melopsittacus undulatus",3.37416870927424,1,2,3.4952922306913,-1.80359992786704,3,0,1,1,3
"205","Melospiza melodia",2,2,2,20.5,20,"strong","strong",2.14006616349627,13.425,5.175,6.85,"Melospiza melodia",3.02042488614436,3,3,4.99718007939928,-0.859595813658972,1,3,3,3,3
"206","Menura novaehollandiae",3,1,1,1100,980,"none","strong",2.81090758654192,42.58,6.65,7.5,"Menura novaehollandiae",7.00306545878646,3,1,1.81731995438585,1.22531194197721,1,3,3,1,1
"207","Merops nubicus",0,2,2,NA,46.4,"strong","none",3.34109345759245,38.175,6.3,8.1,"Merops nubicus",3.83729945923221,1,3,1.25355775276252,1.7063971200435,1,0,1,3,3
"208","Mesembrinibis cayennensis",0,1,2,NA,756,"strong","none",4.52734377052358,116.275,11.6625,16.075,"Mesembrinibis cayennensis",6.62804137617953,1,3,-3.98117459718313,2.96532051160427,1,0,1,3,1
"209","Mesitornis unicolor",0,1,1,NA,148,"strong","strong",2.13613688539575,21.36666667,3.033333333,4.433333333,"Mesitornis unicolor",4.99721227376411,3,3,5.73480603274406,1.36479933117575,1,0,3,3,1
"210","Mionectes macconnelli",3,1,1,NA,13.5,"none","none",2.07317192866624,12.775,4.083333333,3.283333333,"Mionectes macconnelli",2.60268968544438,1,1,6.62145670051682,0.326916486533453,1,3,1,1,1
"211","Mohoua ochrocephala",0,1,1,29.5,27.75,"strong","weak",2.08567209143047,13.92,3.65,5.1,"Mohoua ochrocephala",3.38439026334577,2,3,5.97746491888261,0.122426191739484,1,0,1,3,1
"212","Molothrus ater",2,3,2,48.7,43.4,"weak","none",2.4046903159312,17.15,5.35,8.75,"Molothrus ater",3.88567903008854,1,2,3.85220463360798,-0.515023735870157,1,3,1,1,3
"213","Motacilla alba",0,3,3,21.6,21,"weak","weak",2.26695791535089,16.22,3.37,3.47,"Motacilla alba",3.07269331469012,2,2,6.20040207455192,1.21355458655593,3,0,1,1,3
"214","Myiagra hebetior",0,1,1,NA,20.2,"strong","weak",2.37024374146786,17.525,5.175,4.275,"Myiagra hebetior",3.00568260440716,2,3,4.99071615327024,0.437569844191062,1,0,1,3,1
"215","Mystacornis crossleyi",0,1,1,NA,24.5,"strong","weak",2.59525470695687,21.44,3.75,4.25,"Mystacornis crossleyi",3.19867311755068,2,3,4.87217057554889,1.61251757724829,1,0,1,3,1
"216","Neodrepanis coruscans",2,1,1,NA,6.5,"strong","weak",3.08534443224368,25.76,3.75,3.825,"Neodrepanis coruscans",1.87180217690159,2,3,4.10152652958739,2.63862005575314,1,3,1,3,1
"217","Neopipo cinnamomea",0,1,1,NA,7.7,"weak","none",1.88706964903238,10.525,2.875,2.75,"Neopipo cinnamomea",2.04122032885964,1,2,7.95649441049608,0.639273002846598,1,0,1,1,1
"218","Nesospiza acunhae",1,1,2,29.2,28.55,"strong","weak",2.3345681388471,15.4,5.325,7.8,NA,3.37416870927424,2,3,NA,NA,1,3,1,3,1
"219","Nestor notabilis",3,1,2,956,867.5,"strong","none",3.83297979808769,59.025,15.925,28.675,"Nestor notabilis",6.8627579130514,1,3,-3.35335750934082,-0.241124275239284,1,3,1,3,1
"220","Nicator chloris",0,1,1,49.1,46.2,"strong","weak",2.45100509811232,21.46,3.975,6.375,"Nicator chloris",3.89385903480047,2,3,4.36391432803069,0.821967354051937,1,0,1,3,1
"221","Nipponia nippon",0,1,2,NA,1900,"strong","none",4.9818928252306,170.25,18.825,22.675,"Nipponia nippon",7.54960916515453,1,3,-6.40150047532516,2.8419768877486,1,0,1,3,1
"222","Nothocercus julius",3,1,1,NA,NA,"weak","weak",2.30757263450508,32.95,4.625,6.15,"Nothocercus julius",NA,2,2,3.71701692461709,1.09630395341268,1,3,1,1,1
"223","Nothocercus nigrocapillus",3,1,1,NA,NA,"weak","strong",2.20276475771183,31.44,4.55,5.84,NA,NA,3,2,NA,NA,1,3,3,1,1
"224","Nothoprocta ornata",0,1,2,569,621.5,"weak","strong",2.89369954798884,30.92,7.34,7.1,NA,6.34388043412633,3,2,NA,NA,1,0,3,1,1
"225","Nothoprocta pentlandii",3,1,2,NA,303,"none","weak",2.68481948269031,27.88888889,5.944444444,5.866666667,"Nothoprocta pentlandii",5.71373280550937,2,1,3.17487770639619,0.912147917221744,1,3,1,1,1
"226","Nothoprocta perdicaria",3,1,2,NA,458,"weak","strong",2.60546361232711,25.6875,5.85,5.525,NA,6.12686918411419,3,2,NA,NA,1,3,3,1,1
"227","Notiomystis cincta",2,1,1,98.4,93.5,"strong","weak",2.19999850421894,20.025,3.625,3.975,"Notiomystis cincta",4.58904080405821,2,3,5.64920639407835,1.16206664970734,1,3,1,3,1
"228","Numida meleagris",1,1,2,1597,1299,"strong","weak",2.86505394991188,27.275,11.75,13.875,"Numida meleagris",7.37588214821501,2,3,0.660614889420863,-1.19584933296857,1,3,1,3,1
"229","Nyctibius bracteatus",0,1,1,NA,52,"strong","strong",1.7685761337724,19.275,3.65,3.3375,"Nyctibius bracteatus",3.95124371858143,3,3,6.52863715292584,0.777806230237606,1,0,3,3,1
"230","Nyctibius grandis",0,1,1,NA,547,"strong","strong",2.79575578152132,47.75,7.225,7.925,"Nyctibius grandis",6.30444880242198,3,3,1.45323915385955,1.17024273841382,1,0,3,3,1
"231","Nycticryphes semicollaris",0,2,1,NA,76.6,"weak","none",3.5307625860168,43.175,3.525,5.5,NA,4.33859707674655,1,2,NA,NA,1,0,1,1,3
"232","Nyctiprogne leucopyga",0,1,1,NA,27.3,"weak","none",1.45861502269952,10.725,2.125,2.275,"Nyctiprogne leucopyga",3.30688670219091,1,2,9.22759407675576,0.916672617954815,1,0,1,1,1
"233","Oceanites oceanicus",0,3,3,33.6,32,"strong","none",1.9565674435293,16.075,2.975,3.75,"Oceanites oceanicus",3.51452606696916,1,3,6.6922103834006,0.940551973612289,3,0,1,3,3
"234","Odontophorus gujanensis",2,1,1,331,314.5,"strong","strong",2.41442457445152,19.48333333,7.95,11.21666667,"Odontophorus gujanensis",5.80211837537706,3,3,2.6773025156523,-1.31897430920982,1,3,3,3,1
"235","Oenanthe oenanthe",1,3,3,24,23.15,"weak","weak",2.29000631078719,15.4,3.675,3.6,"Oenanthe oenanthe",3.17805383034795,2,2,6.06571590094748,0.959954940938972,3,3,1,1,3
"236","Onychorhynchus coronatus",0,2,1,18.6,14,"strong","weak",2.62103882411258,22.08,7.391666667,4.541666667,"Onychorhynchus coronatus",2.92316158071916,2,3,3.67991121652717,0.400693644805271,1,0,1,3,3
"237","Opisthocomus hoazin",0,1,2,NA,696,"strong","weak",2.75366071235426,31.2,10.1,13.65,"Opisthocomus hoazin",6.54534966033442,2,3,0.849613807728343,-0.831923648751084,1,0,1,3,1
"238","Oreocharis arfaki",0,1,1,NA,19.7,"strong","none",1.81645208181843,11.76,3.325,3.8,"Oreocharis arfaki",2.98061863574394,1,3,7.1743736150288,0.061174677329503,1,0,1,3,1
"239","Oreotrochilus melanogaster",3,1,3,9.1,9.1,"none","none",2.88619638648568,23.35,2.575,2.4,"Oreotrochilus melanogaster",2.2082744135228,1,1,5.77760579637038,3.49349157242922,3,3,1,1,1
"240","Origma solitaria",0,1,3,14.7,14.35,"strong","strong",2.05732373642622,14.44,2.8,2.95,"Origma solitaria",2.68784749378469,3,3,7.17690590914388,1.30581099337624,3,0,3,3,1
"241","Oriolus oriolus",0,3,1,69.3,79,"strong","weak",2.9041650800285,27.925,7.325,8.025,"Oriolus oriolus",4.23844490619586,2,3,2.1014054549576,0.418971466183135,1,0,1,3,3
"242","Orthonyx spaldingii",0,1,1,175.5,152,"strong","strong",2.45315795147342,22.24,4.975,6.675,"Orthonyx spaldingii",5.16763904290592,3,3,3.90170233896081,0.424014858821371,1,0,3,3,1
"243","Oxylabes madagascariensis",0,1,1,NA,23.3,"strong","strong",2.26176309847379,17.14,3.1,4.4,"Oxylabes madagascariensis",3.14845336057165,3,3,5.88948463584116,1.14349624001886,1,0,3,3,1
"244","Oxyruncus cristatus",3,1,1,NA,42,"none","none",1.23110147171419,11.14,2.975,2.475,"Oxyruncus cristatus",3.73766961828337,1,1,8.83928267413432,-0.00837145904923409,1,3,1,1,1
"245","Pachycephala philippinensis",0,1,1,NA,22.3,"strong","strong",2.37490575457367,16.875,4.4,5.325,"Pachycephala philippinensis",3.10458667846607,3,3,4.95501327651183,0.395668522036229,1,0,3,3,1
"246","Pachyramphus minor",0,2,1,NA,36.6,"strong","weak",2.60176333058425,19.18888889,8.375,7.5875,"Pachyramphus minor",3.60004824040732,2,3,2.96434583121003,-0.712306947976314,1,0,1,3,3
"247","Pandion haliaetus",1,3,3,1403,1485.5,"strong","weak",3.35078089574814,43.025,17.7,19.025,"Pandion haliaetus",7.24636808010246,2,3,-1.77029249132156,-1.00492172589265,3,3,1,3,3
"248","Panurus biarmicus",1,2,3,14.2,13.85,"strong","weak",1.76215899945176,9.375,3.175,3.4,"Panurus biarmicus",2.65324196460721,2,3,7.83275095804717,-0.140575616333633,3,3,1,3,3
"249","Paradisaea raggiana",3,1,1,271,219,"none","none",3.3357695763397,36.46,9.225,10.9,"Paradisaea raggiana",5.6021188208797,1,1,0.315971762934504,0.575644105670974,1,3,1,1,1
"250","Pardalotus punctatus",0,1,2,8.6,8.7,"strong","strong",1.45278410238872,7.04,3.4,3.875,"Pardalotus punctatus",2.15176220325946,3,3,8.38435559998833,-1.25952124223393,1,0,3,3,1
"251","Parus major",1,1,2,18.9,18.25,"weak","weak",2.11021320034659,11.2125,4.05,4.3875,"Parus major",2.9391619220656,2,2,6.35094006653447,-0.183291972857385,1,3,1,1,1
"252","Passer domesticus",0,1,3,28,27.7,"strong","none",2.20276475771183,13.25833333,6.283333333,7.391666667,"Passer domesticus",3.3322045101752,1,3,4.52987258499916,-1.24276163345545,3,0,1,3,1
"253","Passerina amoena",1,3,2,16,15.5,"weak","weak",1.97408102602201,12.21111111,4.63,6.15,"Passerina amoena",2.77258872223978,2,2,5.69050182452399,-0.879963364464263,1,3,1,1,3
"254","Patagioenas fasciata",0,1,2,363.75,351.15,"strong","none",2.93651291389402,25.45,8.125,6.9,"Patagioenas fasciata",5.8964668184857,1,3,2.27483801848616,0.318640510021929,1,0,1,3,1
"255","Pedionomus torquatus",3,1,3,54,63.2,"none","none",2.01156411927675,16.05,3.325,3.775,NA,3.98898404656427,1,1,NA,NA,3,3,1,1,1
"256","Pelecanoides urinatrix",0,2,3,110.3,141,"strong","none",2.57070200995099,28.625,6.4,6.65,"Pelecanoides urinatrix",4.70320392625946,1,3,2.98606531474683,0.523361149566029,3,0,1,3,3
"257","Pelecanus crispus",0,2,3,10400,9550,"weak","none",5.93224518744801,414,50.65,48.5,NA,9.24956108512946,1,2,NA,NA,3,0,1,1,3
"258","Penelope pileata",0,1,1,1100,1260,"strong","weak",2.86077128811987,40.5125,9.6,11.6625,"Penelope pileata",7.00306545878646,2,3,0.616837705914577,-0.000143130404026137,1,0,1,3,1
"259","Peucedramus taeniatus",0,2,1,10.76,11,"strong","strong",2.09801792725277,13.95,2.975,2.875,"Peucedramus taeniatus",2.37583555473364,3,3,7.12499945957258,1.22628634145257,1,0,3,3,3
"260","Phaethon lepturus",0,3,3,NA,329.667,"strong","none",3.7056136531051,54.025,6.875,15.5,"Phaethon lepturus",5.79808305407644,1,3,-0.869800337080415,1.73032662120109,3,0,1,3,3
"261","Phaetusa simplex",0,2,3,NA,235,"weak","none",3.80220813942094,71.45,8.525,14.325,"Phaetusa simplex",5.45958551414416,1,2,-1.63213205354697,2.00650041851194,3,0,1,1,3
"262","Phainopepla nitens",0,1,2,20.7,22.1,"weak","weak",2.08567209143047,13.6,4.475,4.325,"Phainopepla nitens",3.03013370027132,2,2,5.95709933570163,-0.0689158834374459,1,0,1,1,1
"263","Phalacrocorax auritus",0,2,3,1948.5,1817,"weak","none",3.90801498403061,68.15,11.975,16.95,NA,7.57481512477876,1,2,NA,NA,3,0,1,1,3
"264","Phalacrocorax brasilianus",0,1,3,1326.5,1244.75,"weak","none",3.79810748137296,61.36666667,11.55,14.9,"Phalacrocorax brasilianus",7.19029917357779,1,2,-1.90380799544384,1.17246972834589,3,0,1,1,1
"265","Phalacrocorax carbo",0,2,3,2871,2571.17,"weak","none",4.1455128487965,84.25,14.575,21.225,"Phalacrocorax carbo",7.96241568012106,1,2,-3.73074571676761,1.24088961081559,3,0,1,1,3
"266","Phalacrocorax harrisi",0,1,3,3500,3050,"weak","none",4.20804520215493,91.2,13.275,20.45,NA,8.1605182474775,1,2,NA,NA,3,0,1,1,1
"267","Phalacrocorax pelagicus",0,1,3,2072,1856.5,"weak","none",3.65842024662923,51.75,8.525,10.375,NA,7.63626960337937,1,2,NA,NA,3,0,1,1,1
"268","Phasianus colchicus",3,1,2,1317,1135,"weak","none",3.09331260189286,38.475,13.075,11.1,"Phasianus colchicus",7.18311170174328,1,2,0.00380835109274408,-0.281590733066395,1,3,1,1,1
"269","Pheucticus melanocephalus",0,3,2,46.1,47.15,"strong","weak",2.56648663678042,20.23636364,9.02,12.12,"Pheucticus melanocephalus",3.8308129500026,2,3,2.11352951357264,-1.39374230023378,1,0,1,3,3
"270","Phoenicopterus ruber",0,1,3,3516.5,3065.75,"weak","none",4.49423862528081,125.25,26.575,36.35,"Phoenicopterus ruber",8.16522145574807,1,2,-6.50898122500388,0.550075915180444,3,0,1,1,1
"271","Phylloscopus trochilus",2,3,1,8.9,8.7,"weak","weak",1.8431916429131,12.15,2.65,2.716666667,"Phylloscopus trochilus",2.18605127673809,2,2,7.93203332931353,0.971473459087573,1,3,1,1,3
"272","Piaya cayana",0,1,1,104,102,"strong","weak",2.94060388352659,31.66666667,8.6,10.53846154,"Piaya cayana",4.64439089914137,2,3,1.20961195741018,0.0335588942131934,1,0,1,3,1
"273","Picathartes gymnocephalus",0,1,1,NA,196,"strong","none",2.9041650800285,34.14,6.125,10.4,NA,5.27811465923052,1,3,NA,NA,1,0,1,3,1
"274","Picoides pubescens",0,1,2,27.5,21.6,"strong","strong",2.50307395374345,15.38,4.74,4.68,"Picoides pubescens",3.31418600467253,3,3,5.01292799474339,0.437907202879071,1,0,3,3,1
"275","Piprites chloris",0,1,1,16,16,"strong","weak",1.97129938306013,12.025,4.44,4.7,"Piprites chloris",2.77258872223978,2,3,6.18479394867281,-0.494514521460155,1,0,1,3,1
"276","Pitta sordida",0,3,1,NA,64.5,"weak","weak",2.68375750853317,24.46,6.2,7.96,"Pitta sordida",4.16666522380173,2,2,2.85764513258417,0.245211039053198,1,0,1,1,3
"277","Ploceus nigricollis",1,1,2,28,27.1,"strong","none",2.42480272571829,17.525,5.975,7.15,"Ploceus nigricollis",3.3322045101752,1,3,3.93097213474279,-0.398302876676472,1,3,1,3,1
"278","Pluvianellus socialis",0,2,3,89,84.25,"weak","weak",2.39789527279837,17.13333333,2.95,3.466666667,"Pluvianellus socialis",4.48863636973214,2,2,6.1434495206699,1.69912897919446,3,0,1,1,3
"279","Podargus strigoides",0,1,1,354,325.5,"strong","strong",3.09670819089399,39.15,29.275,19.6,"Podargus strigoides",5.86929691313377,3,3,-2.08575240775831,-2.39885628960166,1,0,3,3,1
"280","Podiceps cristatus",0,1,3,738,738.5,"strong","weak",3.56671182013973,58.4,6.525,10.8,"Podiceps cristatus",6.60394382460047,2,3,-0.186254155067088,2.22945896017056,3,0,1,3,1
"281","Podilymbus podiceps",0,2,3,474,416,"strong","strong",2.6479462770325,28.75714286,5.375,10.57142857,"Podilymbus podiceps",6.16120732169508,3,3,2.44083885586018,0.352492026797268,3,0,3,3,3
"282","Poecile atricapillus",0,1,1,13.5,11.4333,"strong","weak",1.96477863331297,9.7875,3.633333333,4.114285714,"Parus atricapillus",2.60268968544438,2,3,NA,NA,1,0,1,3,1
"283","Polioptila caerulea",0,3,2,6.1,5.8,"weak","weak",1.99954763249775,10.98571429,2.8,2.3,"Polioptila caerulea",1.80828877117927,2,2,8.05031095284895,1.11743561388899,1,0,1,1,3
"284","Pomatorhinus ruficollis",0,1,2,33.1,31.65,"strong","strong",2.74406063862524,22.625,3.35,5.375,"Pomatorhinus ruficollis",3.49953328238302,3,3,4.40834501526411,1.78556098657576,1,0,3,3,1
"285","Pomatostomus ruficeps",0,2,2,54.5,57.8,"strong","weak",2.88200350822565,27.425,3.95,6.55,"Pomatostomus ruficeps",3.9982007016692,2,3,3.3858269863352,1.71680601197571,1,0,1,3,3
"286","Probosciger aterrimus",0,1,2,882,841,"strong","weak",4.38872291446476,90.9,27.625,84.4,"Probosciger aterrimus",6.78219205600679,2,3,-7.1985010599616,-1.21436976749029,1,0,1,3,1
"287","Promerops cafer",1,2,2,37.5,34.85,"strong","weak",3.11905548958599,36.14,3.7,3.775,"Promerops cafer",3.62434093297637,2,3,3.57300566028138,3.25376827854151,1,3,1,3,3
"288","Prunella fulvescens",3,2,3,NA,18.9,"weak","weak",2.07002231976334,14.4,3.825,3.975,"Prunella fulvescens",2.9391619220656,2,2,6.25041522146068,0.387056884927778,3,3,1,1,3
"289","Prunella himalayana",1,2,3,27.65,26.675,"weak","weak",2.07317192866624,13.425,4.275,4.325,"Prunella himalayana",3.31962572796834,2,2,6.0618468848138,-0.0234431944914806,3,3,1,1,3
"290","Pseudopodoces humilis",1,2,3,45.5,45.5,"strong","weak",2.90826624777272,24.575,5,5.9,"Pseudopodoces humilis",3.8177123259569,2,3,3.32633862492913,1.2889601718042,3,3,1,3,3
"291","Psilopogon haemacephalus",0,1,2,NA,44.55,"strong","weak",2.69462718077007,18.6375,9.55,9.525,"Megalaima haemacephala",3.79661215391682,2,3,NA,NA,1,0,1,3,1
"292","Psophia crepitans",0,1,1,NA,1026,"strong","strong",2.91235066461494,42.125,7.125,12,"Psophia crepitans",6.93342302573071,3,3,0.890736643644179,0.61904027259228,1,0,3,3,1
"293","Psophodes occidentalis",0,1,2,43.3,39.8,"strong","strong",2.19165353228676,15.1,4.25,6.4,"Psophodes occidentalis",3.76815263500844,3,3,5.14346210449874,-0.175203927988749,1,0,3,3,1
"294","Pterocles burchelli",0,1,3,190,181.25,"strong","none",1.92059234107102,16.85,4.225,4.8,"Pterocles burchelli",5.24702407216049,1,3,5.77186706500329,0.0359134606752729,3,0,1,3,1
"295","Pterocles gutturalis",0,2,3,342,338,"strong","none",2.27469988950451,21.175,4.625,6.3,"Pterocles gutturalis",5.8348107370626,1,3,4.40834189459711,0.329154269977957,3,0,1,3,3
"296","Pteruthius melanotis",0,1,1,NA,13.3,"strong","weak",1.69561560867515,10.7,3.575,3.975,"Pteruthius melanotis",2.58776403522771,2,3,7.30366705759057,-0.422154348040947,1,0,1,3,1
"297","Ptilonorhynchus violaceus",3,1,1,225,219,"none","none",2.85933964864844,35.3,9.725,11.475,"Ptilonorhynchus violaceus",5.41610040220442,1,1,0.836925960719589,-0.221373042068338,1,3,1,1,1
"298","Ptilorrhoa leucosticta",0,1,1,NA,49.2,"strong","strong",2.47373334947077,21.725,3.8,4.466666667,"Ptilorrhoa leucosticta",3.89589362349826,3,3,4.91712497162873,1.39729393036312,1,0,3,3,1
"299","Pycnonotus jocosus",0,1,2,NA,29.55,"strong","weak",2.21101789946856,17.2625,4.4375,4.775,"Pycnonotus jocosus",3.38608374385211,2,3,5.28681903256907,0.351493697017873,1,0,1,3,1
"300","Pygoscelis adeliae",0,2,3,5000,4850,"strong","none",3.18841661738349,59,13.675,17.675,"Pygoscelis adeliae",8.51719319141624,1,3,-1.54946838735148,-0.156620272532612,3,0,1,3,3
"301","Quiscalus mexicanus",3,1,3,222,160.47,"weak","none",3.37758751602302,42.125,8.125,12.525,"Quiscalus mexicanus",5.40267738187228,1,2,0.0180166014908171,0.90538049833925,3,3,1,1,1
"302","Ramphastos sulfuratus",0,1,1,430,410.25,"strong","weak",4.88318063874314,134.9625,33.8625,45.825,"Ramphastos sulfuratus",6.06378520868761,2,3,-7.84648554393574,0.424854861839271,1,0,1,3,1
"303","Regulus satrapa",0,3,1,6.3,6.2,"weak","weak",1.68175857401373,8.925,2.15,2.475,"Regulus satrapa",1.84054963339749,2,2,9.07409273608659,0.775669059772163,1,0,1,1,3
"304","Rhabdornis inornatus",0,1,1,NA,39.1,"strong","weak",2.37954613413017,18.86829268,4.266666667,5.433333333,"Rhabdornis inornatus",3.66612246699132,2,3,4.79177098785133,0.606545734366414,1,0,1,3,1
"305","Rhadina sibilatrix",2,3,1,9.8,9.2,"weak","weak",1.89461685466776,12.6,2.875,2.75,"Phylloscopus sibilatrix",2.28238238567653,2,2,NA,NA,1,3,1,1,3
"306","Rhagologus leucostigma",0,1,1,NA,26.8,"strong","strong",2.26436388017385,17.2,4.15,5.525,"Rhagologus leucostigma",3.28840188751681,3,3,5.10285322851595,0.346950002901587,1,0,3,3,1
"307","Rhea americana",3,1,3,NA,23000,"none","none",3.57374914686031,91.325,28.425,17.775,"Rhea americana",10.0432494949113,1,1,-3.83346361363877,-0.301340603470821,3,3,1,1,1
"308","Rhea pennata",3,1,3,23900,23900,"none","none",3.50104271663187,67.15,24.975,16.05,"Rhea pennata",10.0816337379196,1,1,-2.91524729480485,-0.516638633545342,3,3,1,1,1
"309","Rhegmatorhina hoffmannsi",0,1,1,NA,31.4,"strong","none",2.50348303536094,19.4,4.725,5.025,"Rhegmatorhina hoffmannsi",3.44680789291421,1,3,4.55081415394117,0.720130762074261,1,0,1,3,1
"310","Rhinopomastus cyanomelas",0,1,2,35,28,"strong","strong",3.54529772563591,40.375,4.525,5.475,"Rhinopomastus cyanomelas",3.55534806148941,3,3,1.9810442133789,3.12793390157344,1,0,3,3,1
"311","Rhinoptilus africanus",0,1,3,86,87.5,"strong","weak",2.19165353228676,15.675,3.15,3.675,"Rhinoptilus africanus",4.45434729625351,2,3,6.36687240046653,1.11461101449398,3,0,1,3,1
"312","Rhipidura dahli",0,1,1,NA,9.9,"strong","strong",1.8484548129046,12.225,4.275,3.275,"Rhipidura dahli",2.29253475714054,3,3,6.92064814532437,-0.0978495345224206,1,0,3,3,1
"313","Rhodinocichla rosea",0,1,1,NA,48,"strong","strong",2.61739583283408,22.325,4.275,5.575,"Rhodinocichla rosea",3.87120101090789,3,3,4.1767903330791,1.12888303151597,1,0,3,3,1
"314","Rhynochetos jubatus",0,1,1,860,860,"strong","strong",3.74182762843203,67.2,9.775,17.025,"Rhynochetos jubatus",6.75693238924755,3,3,-1.92165569668348,1.37480911431713,1,0,3,3,1
"315","Rissa tridactyla",0,2,3,421,434,"strong","none",2.93518577368596,45.3,5.175,10.625,"Rissa tridactyla",6.04263283368238,1,3,1.40856475012806,1.48332432575642,3,0,1,3,3
"316","Rostratula benghalensis",3,2,1,146,121,"weak","weak",3.68260984110034,49.625,4.025,6.525,"Rostratula benghalensis",4.98360662170834,2,2,1.39207550345795,3.60933935083194,1,3,1,1,3
"317","Rynchops niger",0,2,3,349,301.5,"strong","none",4.24024703319286,89.075,6.9,24.3,"Rynchops niger",5.85507192220243,1,3,-3.02875690955889,2.60441268506266,3,0,1,3,3
"318","Sagittarius serpentarius",0,2,3,3809,4017,"strong","weak",3.69386699562498,60.425,19,23.275,"Sagittarius serpentarius",8.2451219664786,2,3,-3.15637859546342,-0.426906604418843,3,0,1,3,3
"319","Sakesphorus luctuosus",0,1,1,NA,31.4,"strong","strong",2.67414864942653,24.075,5.9,6.925,"Sakesphorus luctuosus",3.44680789291421,3,3,3.17832382705261,0.471937092359618,1,0,3,3,1
"320","Sapayoa aenigma",0,1,1,NA,20.8,"weak","none",2.33214389523559,16.9,7.7,5.025,"Sapayoa aenigma",3.03495298670727,1,2,4.26080334321979,-0.576565252025033,1,0,1,1,1
"321","Saxicola maurus",0,3,2,14.2,15.4833,"weak","weak",2.06051353179432,13.025,3.45,3.35,"Saxicola torquatus",2.65324196460721,2,2,NA,NA,1,0,1,1,3
"322","Sclerurus mexicanus",0,1,1,NA,25.1,"strong","strong",2.88530845599038,24.625,3.472727273,4.1,"Sclerurus mexicanus",3.22286784613774,3,3,4.4447948029833,2.37011380528209,1,0,3,3,1
"323","Scopus umbretta",0,2,3,NA,472,"strong","weak",4.13995507347415,82.975,13.475,22.7,"Scopus umbretta",6.15697898558556,2,3,-3.68371232215725,1.26492832978454,3,0,1,3,3
"324","Scytalopus superciliaris",0,1,3,NA,17.8,"strong","strong",1.67241271159549,12.925,2.85,3.575,"Scytalopus superciliaris",2.87919845729804,3,3,7.53964304305836,0.383176372777323,3,0,3,3,1
"325","Semnornis frantzii",0,1,1,NA,57.3,"strong","strong",2.53567897516142,18.275,7.275,9.925,"Semnornis frantzii",4.04830062372069,3,3,2.9332224065597,-0.958476057508805,1,0,3,3,1
"326","Serilophus lunatus",0,1,1,NA,34,"strong","strong",2.37954613413017,15,9.775,6.825,"Serilophus lunatus",3.52636052461616,3,3,3.56643647447128,-1.51559758525473,1,0,3,3,1
"327","Serinus canaria",0,1,2,18.2333,24.3,"weak","weak",1.9565674435293,12.175,4.95,6.475,"Serinus canaria",2.90324959260459,2,2,5.54093810982225,-1.08987362701623,1,0,1,1,1
"328","Setophaga coronata",0,3,1,12.2,11.8,"weak","weak",1.97823903617067,12.82,3.19,3.35,"Dendroica coronata",2.50143595173921,2,2,NA,NA,1,0,1,1,3
"329","Setophaga kirtlandii",1,3,2,13.6,13.95,"weak","weak",2.07002231976334,13.325,3.825,3.925,"Dendroica kirtlandii",2.61006979274201,2,2,NA,NA,1,3,1,1,3
"330","Sinosuthora webbiana",0,1,2,NA,10.9,"strong","weak",1.68175857401373,8.7,3.5,5.775,"Paradoxornis webbianus",2.3887627892351,2,3,NA,NA,1,0,1,3,1
"331","Sitta europaea",0,1,1,20,22.6,"strong","strong",2.61190634054931,19.35,4.85,4.65,"Sitta europaea",2.99573227355399,3,3,4.48975752490563,0.901015233112519,1,0,3,3,1
"332","Smithornis capensis",2,1,2,NA,23.2,"strong","strong",2.34180580614733,14.775,9.875,6.075,"Smithornis capensis",3.14415227867226,3,3,3.79933907878643,-1.45745434488149,1,3,3,3,1
"333","Spizaetus tyrannus",0,1,2,904,1013,"strong","strong",3.2158713158479,42.925,12.225,21.225,"Spizaetus tyrannus",6.80682936039218,3,3,-1.20122588998053,-0.65483718829039,1,0,3,3,1
"334","Spizella passerina",1,3,2,12.1,12.2,"weak","weak",1.94591014905531,13.375,4.025,4.675,"Spizella passerina",2.4932054526027,2,2,6.20805101627781,-0.177118690027561,1,3,1,1,3
"335","Sporophila hypoxantha",0,2,3,NA,NA,"weak","weak",1.8484548129046,9.85,4.2,5.875,"Sporophila hypoxantha",NA,2,2,6.40266112085606,-1.14236206123406,3,0,1,1,3
"336","Steatornis caripensis",0,1,1,NA,408,"weak","none",2.90004702341958,35.7875,9.825,14.45,NA,6.01126717440416,1,2,NA,NA,1,0,1,1,1
"337","Stercorarius parasiticus",0,3,3,413,445.5,"strong","none",2.48386444020956,36.225,5.6,8.95,"Stercorarius parasiticus",6.02344759296103,1,3,2.48863949970566,0.650424627334964,3,0,1,3,3
"338","Sterrhoptilus dennistouni",0,1,1,NA,15.7,"strong","weak",2.29000631078719,16.325,3.325,4.35,"Stachyris dennistouni",2.75366071235426,2,3,NA,NA,1,0,1,3,1
"339","Strix occidentalis",0,1,1,551.3,588.65,"strong","strong",2.89037175789616,36.9,10.575,16.6,"Strix occidentalis",6.31227912559564,3,3,0.0472093884605352,-0.727180635471302,1,0,3,3,1
"340","Struthidea cinerea",1,1,2,130.7,132,"strong","weak",2.59151638484626,23.725,7.25,11.375,"Struthidea cinerea",4.87290462063018,2,3,2.25592589233368,-0.644216835902924,1,3,1,3,1
"341","Struthio camelus",2,1,3,115000,111000,"weak","none",3.93476249239764,85.05,47.8,24.025,"Struthio camelus",11.6526874073454,1,2,-5.42734580394931,-1.27159701402178,3,3,1,1,1
"342","Sturnus vulgaris",2,2,3,87.6,86,"weak","none",2.91723004539903,30.43,6.55,6.45,"Sturnus vulgaris",4.47278099794235,1,2,2.44671494353978,1.04425829003523,3,3,1,1,3
"343","Sula dactylatra",0,2,3,1623,1713,"weak","none",4.56382722245371,95.95,26.2,34.225,"Sula dactylatra",7.39203156751459,1,2,-6.07636543444279,0.317383356562948,3,0,1,1,3
"344","Sylvia atricapilla",1,3,1,18.1,16.7,"weak","weak",1.97060276164568,13.82,3.225,3.4,"Sylvia atricapilla",2.89591193827178,2,2,6.93452964310115,0.699781938800827,1,3,1,1,3
"345","Sylvia borin",1,3,1,18.7,18.2,"weak","weak",1.97408102602201,13.66,3.65,3.65,"Sylvia borin",2.92852352386054,2,2,6.65648980711042,0.376323099413417,1,3,1,1,3
"346","Sylvietta virens",0,1,2,7.8,8.4,"strong","weak",1.96360972615471,11.96,2.325,2.625,"Sylvietta virens",2.05412373369555,2,3,8.04487610050656,1.3709731798286,1,0,1,3,1
"347","Syrrhaptes paradoxus",0,2,3,274,257,"strong","none",2.03470564783844,15.625,4.45,4.9,"Syrrhaptes paradoxus",5.61312810638807,1,3,5.63004015804179,-0.0604133233895454,3,0,1,3,3
"348","Tachuris rubrigastra",0,1,3,NA,7.8,"strong","weak",1.94304891677428,15.96,2.44,2.32,"Tachuris rubrigastra",2.05412373369555,2,3,7.73907937962183,1.86963235090358,3,0,1,3,1
"349","Taeniopygia guttata",0,2,2,11.9,12.05,"strong","weak",1.95808068471589,9.957142857,5.328571429,6.242857143,NA,2.47653840011748,2,3,NA,NA,1,0,1,3,3
"350","Tauraco erythrolophus",0,1,2,NA,267.5,"strong","strong",2.69968195143169,25.8,8.175,13.4,"Tauraco erythrolophus",5.58911956633606,3,3,1.55821316974579,-0.798561139655144,1,0,3,3,1
"351","Thalassarche chlororhynchos",0,2,3,NA,2130,"strong","none",4.42873129235229,113,19.15,30.35,NA,7.66387725870347,1,3,NA,NA,3,0,1,3,3
"352","Thinocorus orbignyianus",0,1,3,134,115,"weak","weak",2.13120347623843,16.35,5.675,5.825,"Thinocorus orbignyianus",4.89783979995091,2,2,4.80984193165,-0.520011932906341,3,0,1,1,1
"353","Thryothorus ludovicianus",1,1,2,21.2,19.95,"strong","strong",2.40393758755554,16.625,3.275,3.9,"Thryothorus ludovicianus",3.05400118167797,3,3,5.84899045712997,1.32505258924083,1,3,3,3,1
"354","Tichodroma muraria",0,2,1,13,17.6,"weak","weak",3.02042488614436,32.35,3.325,2.875,"Tichodroma muraria",2.56494935746154,2,2,4.44329539565961,3.49058504881104,1,0,1,1,3
"355","Tinamus guttatus",3,1,1,638,688,"weak","weak",2.37606786975385,33.1375,4.9625,5.3125,"Tinamus guttatus",6.45833828334479,2,2,3.73306612057939,1.24882355061196,1,3,1,1,1
"356","Todus mexicanus",0,1,1,NA,5.9,"strong","strong",2.51971057198269,17.4,4.325,3.1,"Todus mexicanus",1.77495235091167,3,3,5.55617468146966,1.33426374648192,1,0,3,3,1
"357","Toxostoma redivivum",0,1,2,NA,84.4,"strong","strong",3.41690667536734,40.54,6.45,7.025,"Toxostoma redivivum",4.43556740160191,3,3,1.23973506299971,2.03199937670086,1,0,3,3,1
"358","Tricholaema leucomelas",0,1,2,32.9,32.2,"strong","strong",2.61190634054931,18.975,8.725,10.475,"Tricholaema leucomelas",3.49347265777133,3,3,2.42232171413893,-1.19629408555373,1,0,3,3,1
"359","Trogon melanurus",0,1,1,112,114,"strong","strong",2.73922581857066,24.075,10.125,13.3125,"Trogon melanurus",4.71849887129509,3,3,1.30376835339733,-1.23081742940617,1,0,3,3,1
"360","Turdus merula",0,1,2,94.6,103.2,"strong","weak",2.74406063862524,26.825,5.65,7.675,"Turdus merula",4.54965747605783,2,3,2.82894222206825,0.675960735476178,1,0,1,3,1
"361","Turnix velox",3,1,3,37,45,"weak","weak",1.99129315490313,12.525,4.35,6.625,"Turnix velox",3.61091791264422,2,2,5.60982527100179,-0.801553723794379,3,3,1,1,1
"362","Tympanuchus cupido",3,1,3,973,876.167,"weak","none",2.52772664697093,23.475,8.675,8.8,"Tympanuchus cupido",6.880384082186,1,2,2.47433113294093,-0.735385304542406,3,3,1,1,1
"363","Tyrannus savana",0,3,3,32,31.9,"strong","weak",2.43798973000025,18.2,6.475,5.275,"Tyrannus savana",3.46573590279973,2,3,4.1924674130902,-0.0824453730174575,3,0,1,3,3
"364","Tyto alba",1,1,3,416.25,446.275,"strong","weak",2.81391059180169,30.325,8.2,12.6,"Tyto alba",6.03128604129465,2,3,1.24579736571023,-0.331148197741896,3,3,1,3,1
"365","Upupa epops",0,3,3,69.2667,61.4,"weak","weak",3.88259419473733,57.6625,5.7125,6.35,"Upupa epops",4.23796427122886,2,2,0.414778606080236,3.5041310470656,3,0,1,1,3
"366","Uria aalge",0,3,3,1006,992.5,"strong","none",3.6183228606508,57.525,8.4,13.75,"Uria aalge",6.91373735065968,1,3,-0.970995122954397,1.51622159500277,3,0,1,3,3
"367","Uria lomvia",0,3,3,961,964,"strong","none",3.3078020340626,49.4,8.575,14.5,"Uria lomvia",6.86797440897029,1,3,-0.43732042221607,0.789981626982099,3,0,1,3,3
"368","Urocolius indicus",0,1,2,NA,53.85,"strong","weak",2.20552338015091,13.675,6.9,7.125,"Urocolius indicus",3.9862024036024,2,3,4.39384782776352,-1.31080156267325,1,0,1,3,1
"369","Urocynchramus pylzowi",0,1,2,NA,NA,"weak","weak",1.99470031322475,12.7,3.925,4.575,"Urocynchramus pylzowi",NA,2,2,6.29405130892967,-0.126543253073949,1,0,1,1,1
"370","Vidua chalybeata",3,1,3,13.4,12.5,"none","none",1.79591747937672,10.06,3.75,5.375,"Vidua chalybeata",2.59525470695687,1,1,6.74207577796834,-0.860467374331507,3,3,1,1,1
"371","Vidua macroura",3,1,3,16,15.75,"none","none",1.83657348501785,10.96,4.05,6.275,"Vidua macroura",2.77258872223978,1,1,6.20829374802955,-1.00715580423019,3,3,1,1,1
"372","Vireo altiloquus",0,1,2,NA,19.0143,"strong","weak",2.48698781599182,20.575,4.1,4.65,"Vireo altiloquus",2.94519132766027,2,3,4.8099356824683,1.14226714983775,1,0,1,3,1
"373","Xiphorhynchus elegans",0,1,1,NA,34.1,"strong","strong",3.10824894087075,31.52222222,5.740909091,6.195454545,"Xiphorhynchus elegans",3.52929738428947,3,3,2.3981125090752,1.62044185297438,1,0,3,3,1
"374","Zapornia atra",3,1,1,80.1,77.45,"strong","strong",2.43068509591462,22,2.8,5.366666667,"Porzana atra",4.38327585407431,3,3,NA,NA,1,3,3,3,1
"375","Zonotrichia albicollis",1,3,2,26.4,24.4,"weak","weak",2.13298230860787,13.44,5.14,6.26,"Zonotrichia albicollis",3.27336401015227,2,2,5.15033501434211,-0.741099461416564,1,3,1,1,3
"376","Zosterops hypoxanthus",0,1,2,NA,12.5,"strong","weak",1.99470031322475,12.85,3.175,4,"Zosterops hypoxanthus",2.52572864430826,2,3,6.79439490588498,0.438048382311442,1,0,1,3,1
"377","Zosterops lateralis",0,1,2,11.9,12.9,"strong","weak",1.92424865227413,12.52,2.71,3.13,"Zosterops lateralis",2.47653840011748,2,3,7.53255535780168,0.900539466849786,1,0,1,3,1
