"","PC1","PC2","PC3","PC4","PC5","PC6","PC7","PC8"
"Eudromia_elegans",2.94508213792332,0.677388375999443,-0.831131082280602,-0.00458935955630276,1.24823796475695,-0.137550016188194,0.0420491066675036,-0.0995514906662508
"Nothoprocta_pentlandii",7.09069029021606,2.46499686827462,-0.700920626374357,0.465936527562626,-0.910505402614964,0.099446739343723,-0.430003627262945,0.37387910204483
"Nothocercus_julius",4.14386909675717,-3.35900664371462,2.62405351213879,-2.09459758587216,0.650088442430205,-0.598676333059129,0.365972228738212,-0.0526480012194793
"Tinamus_guttatus",0.358326220779497,0.925931573310304,1.05802893197731,-1.40845743502487,2.19840623345622,0.0764052955302947,0.158080296389483,0.0857218376523884
"Crypturellus_cinnamomeus",1.52093142199954,2.06631434928394,-1.07007895394974,-0.257882145244542,1.75678039248257,0.447379976829667,-0.0987903153260763,0.0285967322133394
"Crypturellus_soui",2.1090541125252,3.2720686022225,3.14127247277348,-0.296436323787809,1.97243651793731,-0.534973224342937,0.303234427749616,0.0267674416884854
"Apteryx_mantelli",3.67980323491664,-2.47244085050465,2.53655300562376,-0.541929747454079,1.47814555510324,-0.392883715331209,0.189955705050565,-0.0746720909423318
"Apteryx_australis",4.75123607646345,3.48479580796126,0.952070560131739,-0.384552862742137,2.06183249839043,-0.0858007330406148,0.273989757463301,0.0767962394353323
"Apteryx_owenii",4.3626090511701,-0.891736318286939,1.99475038208982,-2.3460200831196,0.896560152355488,-0.443966963852953,0.0413130721933254,-0.065312988352402
"Apteryx_haastii",4.73762160642666,-1.24520174258291,-2.74852673200913,0.349508804728251,1.33119177250502,-0.640016755236104,0.217382160795488,-0.10314672872036
"Dromaius_novaehollandiae",-7.02591872003514,0.64802524226345,-1.61485647453808,1.02095823812915,-2.98466580534092,0.301600032900587,0.870597406546231,-0.227907357540253
"Casuarius_casuarius",-7.78679575894099,-2.32784042689762,-0.798406397569547,0.383191386896822,-2.91150915477969,0.630845938744934,1.11988197031787,-0.0406109556423869
"Rhea_americana",-7.48144568323969,-0.478930767960821,-1.27070566499192,0.0527993035031935,-1.43749934478321,0.104964261906205,-0.171067434561765,0.138257197750128
"Rhea_pennata",-10.0143898476955,-1.53857573582853,3.42235071996805,-0.217119794847061,-3.03519850576247,1.04899616807088,1.24077790364164,-0.357816775958571
"Struthio_camelus",-6.12057803007456,-2.06632052842231,1.50524445376583,0.223970241490273,-0.114508762918307,0.477653944346003,-0.153141746716055,0.0810255005416596
"Anseranas_semipalmata",3.08608880688834,0.942615447853698,-1.7514082508746,0.954409335173004,-0.925068851679266,-0.0465311181766039,-0.0404619102154272,0.108300509525339
"Anser_cygnoides",2.95230629297233,3.24985798670647,-0.482288230465434,0.845594900800137,-0.742185583450968,-1.06292069279543,-0.134601596697108,0.441673674603299
"Anas_platyrhynchos",4.06238083776445,3.56381245173884,-0.377719962675022,0.399999520095311,0.570940222143121,-0.788625559050597,0.0313490402281866,-0.0122592574743049
"Anas_poecilorhyncha",4.38395839592847,-0.170435442378049,0.447808451477849,-1.21630605132179,-0.843223508869953,-0.395670165980134,-0.207459430329356,0.0787761403527725
"Cairina_scutulata",0.932126381286913,2.75530855748358,0.0823333071195237,-0.138490006548339,1.55252973131095,-0.177939428858155,0.020129881466891,0.0134716874220176
"Cairina_moschata",1.16735349320632,2.37170920943359,-1.35083822460479,0.754769118068445,-1.28893636247513,-0.425884454256839,-0.207730864491781,0.342748926782611
"Chauna_torquata",2.58246335765851,0.933220350032528,-1.27459975944125,0.847697124018701,0.833689380474109,-0.0602183059529207,-0.154002988075214,-0.102796632495869
"Odontophorus_gujanensis",0.688172396019378,-4.05107917041302,0.434904653537849,-0.722490039728889,1.08427620826658,-0.675963616031258,0.193877854115962,-0.0368481513409159
"Colinus_virginianus",4.32061284124153,1.08381691733694,0.66491595177624,-0.380795422519516,-1.10059734787457,-0.0450081882394173,-0.639747479799266,0.13595596448581
"Callipepla_squamata",3.84119725824112,1.0283541912587,-0.297178894669548,0.832612452139652,0.487999298986471,-0.017292796277527,-0.0542563340314875,-0.0995874946080987
"Gallus_sonneratii",2.43174326471703,-0.445356526331603,-0.423764408396754,1.03371143424908,0.609240744307746,-0.204675055739932,-0.0247105395150167,-0.030025088294838
"Coturnix_japonica",5.1766973195172,0.529682400656658,-0.915999720975087,1.03947907083326,0.0637459788745192,-0.249475132071973,-0.18882691624303,0.155956308508538
"Meleagris_gallopavo",3.13427416059093,-1.55103581672915,-1.93104365385589,-0.00365450764436936,-1.32017330320388,-0.571771982631089,-0.044239102438681,-0.0341048262311044
"Tympanuchus_cupido",-3.60122414548005,-0.562728633979308,0.252705697263035,0.65850538398381,0.569591541788559,0.00765618160900178,-0.214574243274434,-0.0279878680557138
"Phasianus_colchicus",3.05144184151328,0.602984775018552,-0.430203321215457,1.12084650599405,-0.836780536416093,0.120890520145317,0.103908289681512,-0.0948567325730684
"Numida_meleagris",3.14625982768571,0.959796945651705,-1.53601905632936,0.851584477622303,1.61568428104134,-0.0736240382129411,0.0711803071920794,0.00467058722480057
"Penelope_pileata",1.87015781250606,1.44724602649327,-1.53979168469323,-0.190572695312779,-0.247793071102714,-0.127702456203113,-0.257278627228867,-0.0855031794954218
"Alectura_lathami",-3.21104179034363,-1.10650068564835,-1.3702122706066,-0.0631949448078798,-1.25056361695867,0.102515550493149,0.0517638412110035,0.00826313119906919
"Pterocles_gutturalis",5.08387528759989,-1.23765160793389,-0.178576867188018,2.12819014674653,-2.21851800952092,-0.000192637520577632,0.541001261579037,-0.26677702249483
"Pterocles_burchelli",2.68937784681151,3.44287094811481,-1.2574079840332,0.871191737717615,-0.414864610208659,-1.0907210447633,0.0866442879412948,-0.187693709834498
"Syrrhaptes_paradoxus",4.64624865047735,-0.939726226745162,-0.956593547054403,0.037893975985178,0.197824354765958,-0.0082272420876951,0.0173330098933934,-0.317318637210561
"Caloenas_nicobarica",-3.94099634902846,0.207456688857199,0.4264347362214,-0.369864125377133,-0.287493500488177,0.0227910207608626,-0.381572456487395,0.00260474583363752
"Gallicolumba_beccarii",-2.44527599475929,2.34379100667554,-1.2259696717374,0.297146499883067,0.910413535626766,-0.509362634569165,-0.0933828988636295,-0.0536525855062511
"Patagioenas_fasciata",-3.41672879388042,-2.27157318736858,0.914292991522609,-0.481209322388329,0.314042215220005,-0.283936144991063,-0.0914685361178267,0.0613503771923496
"Columba_livia",-1.66734906101242,-1.47385528104754,-1.92824731586178,0.983555646876744,-1.06110134073099,-0.253743049058437,0.0291823461164295,0.310002575226091
"Columbina_picui",-1.01703029973422,-0.814537565225534,0.540513144740195,-1.59382364687928,0.658658676836773,-0.302729270320588,-0.12850640726276,-0.0261094443451213
"Pygoscelis_adeliae",2.09167237199236,2.85881626523252,0.82551168458544,0.123947212896538,0.63947489189045,-0.423368647344066,-0.078670001573985,-0.160070469354258
"Aptenodytes_forsteri",0.328724909662204,2.72370023788808,1.8355341651619,0.225670277362792,0.511404122638318,-0.698474559810267,-0.0269678541327164,-0.147804160955666
"Scopus_umbretta",5.68845084166003,-0.804206334339808,0.0780651867896274,-1.94748399923178,1.15205240109712,-0.62516471744553,0.0797516534645108,-0.0903046485866043
"Anhinga_rufa",4.74298372796455,3.1835371056591,-1.26427676528028,0.761583873976495,-1.10229283982899,-0.568790371909721,-0.0300419543679065,-0.0984890203479856
"Anhinga_anhinga",3.47417340787176,0.570286355786116,-0.414575636395186,-1.00501623204097,0.106991342716019,-0.320392594623699,-0.274805520665107,0.0383757996832658
"Phalacrocorax_brasilianus",2.32485702355235,2.55401447362578,-0.284367273626891,0.589427991319513,-1.00267174636711,-0.421532383193743,-0.216439383440539,0.250687908313847
"Phalacrocorax_carbo",0.810750499518084,-0.557063752540613,-1.80846810646166,0.0887906116417522,-0.417863607122455,-0.23436111342447,-0.109182532184991,-0.15513141137771
"Sula_dactylatra",5.39580216443006,0.679618366882183,0.95175562289047,0.152512170560899,0.0169794756393356,-0.0560109875220505,-0.256382214199502,-0.182915766033868
"Fregata_magnificens",2.68097990601518,2.97712777210738,1.71253230747382,-0.321954276981457,1.67049202401524,-0.140587899703658,0.083198807580723,-0.0402005212571393
"Mesembrinibis_cayennensis",0.994942962128561,-2.21527641384737,-1.44109861658612,-0.669606061346071,0.678142226483832,-0.703313966086249,0.0110721904303627,-0.111400114263432
"Nipponia_nippon",2.20439826861034,1.34834418454708,-0.485186641375222,0.335030487976776,-0.0515005190544062,-0.00785045698934503,-0.181430560962805,-0.182880148581958
"Ciconia_maguari",4.28798187494708,2.90006443708115,-0.645758261833307,1.36279758188986,-3.61150981418836,-0.503887306344252,0.805180218134078,0.729601506270725
"Gavia_stellata",2.01328376760611,2.66057152159846,1.55320763351695,-0.241665480637948,1.24281677468918,-0.090631044691424,-0.109078415223131,-0.0151579622433055
"Egretta_garzetta",2.52796820806023,2.59237071877521,0.878729256440829,0.114776185522891,0.19600402494063,-0.247953893347103,-0.311023756408206,0.168110013468272
"Cochlearius_cochlearius",2.0910555759652,0.238919955324698,-0.695282974623022,-0.749178069531701,-0.813234608091926,-0.264595075348241,-0.0390613543657221,-0.180792427022346
"Pelecanoides_urinatrix",-0.577081661891916,-0.710470533372064,1.61435491400006,-0.856289915621806,-1.63665298167527,-0.0145168325415187,0.0137201007673313,0.370970583713955
"Calonectris_diomedea",6.63917184545687,0.436885114040044,0.890188285940278,0.313111779096713,0.380433698106772,-0.399018558960879,-0.569142743160557,-0.0955081637262618
"Oceanites_oceanicus",5.96603525327326,3.42249064865227,-1.05429002091063,0.238324527019735,0.389597067787464,-0.315616590360587,-0.161342418239392,0.0269847674940587
"Opisthocomus_hoazin",0.986424751192356,2.95614403651445,-0.709772088319578,0.469240930720499,0.371122025926668,-0.738512954672764,-0.0618204045654997,-0.0449376579766697
"Corythaeola_cristata",1.87969993995549,-4.52609849267518,-0.476627213658076,-1.85735416144596,-0.0693698086727103,-0.974620444857007,0.326796561874408,0.0185327235276268
"Corythaixoides_concolor",3.1092978996594,2.24667760013042,1.6638325295101,0.608022651594412,-2.35387223439662,0.0188497626060599,0.392250713976697,0.0220146203411242
"Tauraco_erythrolophus",1.32522280447832,-2.43439296987489,0.942439837377239,-0.818543772449657,0.189431839753831,-0.413854596167818,0.242270357995551,-0.0627720823046294
"Phaethon_lepturus",5.54832133876407,3.772243776481,-1.68475409881493,1.0483571693719,-1.1693185972537,-1.05024149689467,0.138734435059945,-0.126947015490005
"Pluvianellus_socialis",4.12294225008558,3.72974566681286,3.60661437024166,0.555200857834367,-0.206424288095053,-1.31908637998632,0.302745486729394,-0.365655769554128
"Chionis_minor",2.32944414173921,-0.570873678705359,-0.493748901933962,-0.35120620120522,-3.68061936349804,0.105018430825543,0.707077045985913,-0.190428741365529
"Burhinus_bistriatus",4.56700021076412,0.154966284694729,-1.53057887643843,-1.97306684792892,1.7419949418306,-0.235937286835398,0.31320458468333,-0.039381544161139
"Ibidorhyncha_struthersii",6.50972442855958,0.74478578817136,-1.17079830003098,-0.147502697620615,0.15254204522049,-0.379103898140658,-0.125465844759276,-0.2493457980983
"Himantopus_himantopus",4.78815993361276,3.77235272976287,-1.19211613661869,0.393361458049858,0.774805991328647,-0.734848826934578,0.125841051699309,-0.139360105818796
"Charadrius_vociferus",6.4482536232949,0.547804645864489,0.740816691247806,-0.747168825470298,1.67710629292043,0.0645000300115782,0.146085439305362,-0.0332590292838134
"Rostratula_benghalensis",-0.79809726366378,2.71525756600507,-0.306981728343193,0.571079570939735,0.195095374576128,-0.913282767445424,-0.113565211219234,0.159371443932401
"Jacana_jacana",4.49210048090436,3.31051375512384,-1.43233836028896,0.29842312307877,0.493723637135165,-0.391155551053054,-0.0997308890829342,-0.0770822867592122
"Thinocorus_orbignyianus",0.237496764948762,0.684976991085306,-2.12000071551834,0.924318552663331,0.967692343302831,-0.0936402185543588,-0.0774446108853684,-0.0454641274116656
"Arenaria_interpres",5.36187000189278,-2.61881202464173,-0.745831410401348,-0.287102257311421,0.541214075656579,-0.809009283863772,0.25929862394173,-0.0860760378963697
"Philomachus_pugnax",0.975509678532659,2.94269265254947,-2.2681636856244,0.44893287721522,0.60722386011182,-0.561839798958694,-0.0837746672999843,-0.0307364991011544
"Limosa_lapponica",4.38371084295949,1.08458653514848,-0.955391929916112,-0.102960619338128,1.05048094464521,-0.0166208696751822,-0.0990592815816656,-0.133977344424837
"Dromas_ardeola",3.55600003033872,1.14509567599985,-1.64880189512133,0.527701409010755,0.494381690947537,-0.0456083618856101,-0.132273829229909,-0.204232628744505
"Rhinoptilus_africanus",4.78333009427359,3.97879209577727,-1.65211917557409,0.1112390273575,1.78327125411959,-0.525336293458901,0.415542881758346,-0.0434914226062605
"Glareola_pratincola",5.98117749077496,0.422380223454253,-2.20285199503527,0.537012291134504,1.11187335937977,-0.320956753111247,0.166720263647068,-0.145524979607242
"Rynchops_niger",4.97925629420274,-0.487451031420937,1.06631250617849,-0.455173454006359,-1.88632192774841,0.0852184439489389,0.234325971674939,0.147300538964055
"Larus_maculipennis",4.41504850757214,2.89757822683579,0.363902650504216,0.0902867971934828,0.229985333223074,-0.133045575494709,-0.207138209992987,-0.1690953127419
"Larus_argentatus",2.86275136024423,0.127932433372475,-0.249194240856184,-0.523254282236706,0.273220088336801,-0.178000062195599,-0.196966558843823,-0.072632496040125
"Rissa_tridactyla",5.07894866859436,-2.21934026941234,0.71923266197601,0.18624934273159,-0.118802240781334,-0.643496741917454,-0.161197551745077,0.060222657363881
"Phaetusa_simplex",3.65941361251525,3.11890348589643,0.841364584265058,0.303237897311248,0.0986298009113482,-0.541152753397682,-0.0251453203441571,-0.311567962306702
"Stercorarius_parasiticus",5.86118776195213,-5.88728754489687,3.4232294557279,-2.69506186923692,-3.09915140213906,-1.479651057896,-0.535279702671979,-0.282698461723456
"Cepphus_grylle",5.54922094400902,3.64989997897957,1.77274810225626,-0.614311227654798,2.52387981865544,0.0479873522833277,0.460224362390621,0.0663443412100924
"Uria_lomvia",-1.76714207581207,-0.562303256438401,0.217379463147517,-0.407121457158462,-2.06198971133664,0.0909715574517102,-0.173676585390308,0.0253811265020482
"Uria_aalge",3.51669137053274,-1.99156694318421,-1.12271963250368,0.270775745724581,-0.368889395812274,-0.494362336783825,0.204570236706229,-0.0476429374756681
"Alca_torda",1.60053140190781,1.90791342561519,0.853450610483604,0.629568448112088,-2.45331484087909,0.198145194777207,0.436934112158435,-0.0800726202594147
"Turnix_velox",-4.26991017105094,1.32757875960691,1.09291222225783,0.0309507607424144,0.349001168576529,-0.0770667468610279,-0.401257181858706,0.0916396943101426
"Phoenicopterus_ruber",2.01659286723544,0.894828647451997,-2.40241579155668,1.09860384716664,0.504281769511628,-0.259778095045834,-0.352740789883239,-0.182567333181672
"Podilymbus_podiceps",0.763010710382712,-4.14321589902402,0.597663479620676,0.151233666670389,0.152432696807583,-0.628854407930574,0.198848417935373,-0.0625865527406219
"Podiceps_cristatus",1.64590571991759,0.50438216910176,0.137793746095344,0.922393904278494,-0.656109819154495,0.12251664189031,-0.120605999108015,-0.00516026354237179
"Mesitornis_unicolor",3.16338412174696,-2.15527403357524,0.578559355772249,-0.801522025960284,0.26118464669881,-0.570173335055499,-0.0187986200293132,-0.192395302137382
"Heliornis_fulica",0.264982831188397,0.0699173782513377,-0.624335863440044,-0.399330894651413,-0.0879121801475664,-0.167842733718035,-0.363452585379619,-0.0583547607990813
"Porzana_atra",3.327324941726,-1.89999772564261,-1.02494958333678,-1.24002254016277,-3.44393229238101,-0.325316229905573,0.711953248861283,1.23874668918966
"Aramus_guarauna",3.1431187594447,-2.74662667993898,0.406444695967088,0.914250282086345,-0.231939727707913,-0.619168347386593,-0.285775739172341,-0.0162358565866749
"Grus_americana",1.30920711813057,-0.0969332975240186,-1.41105689009054,1.14608344568498,0.517053179285599,-0.294032968542419,-0.32925627963091,0.00832607320813349
"Balearica_regulorum",1.83234691643854,0.971770203001281,-0.585749238532095,0.258475813162725,0.0320650002433695,-0.306390710656296,-0.82241609428811,-0.048304474842735
"Psophia_crepitans",-3.90456146495042,-3.49591343328962,-1.09216264602139,-0.849698710300183,-0.490016448053809,-0.635988078075333,0.032484377112221,-0.0821888471293041
"Eupodotis_ruficrista",6.84991374773116,-3.85845003106064,-0.243191838278792,-1.4039209644049,0.193439245612523,-0.177669589711269,0.119125612334468,-0.0805638007519175
"Cuculus_canorus",-0.982174732214373,0.305194845394304,-1.48351244313187,0.973732698311798,0.55933161462432,-0.0990294059747555,-0.218063307006174,-0.0816303626482926
"Ceuthmochares_aereus",6.49581671703161,-3.03175880525298,0.328368010264235,-1.31032476480011,-0.530163151534579,-0.909736234655213,-0.0186644592053787,0.190768719087497
"Piaya_cayana",4.52784145287629,-0.87400824162091,1.56896016580669,-2.1945644608957,0.51410609406695,-0.350120049109239,0.0125900701081002,-0.151253809982658
"Centropus_unirufus",6.65035199413678,1.28991234735631,-0.451975999703928,-1.24246703963096,0.915853995233725,-0.0677015444446956,-0.134213308454489,-0.104355064225231
"Centropus_bengalensis",-0.452379598086439,0.0441278628709001,-0.919597879248697,-1.06917641787399,0.591405220669237,-0.20626102770649,-0.221898179118952,-0.00545394252057746
"Crotophaga_sulcirostris",7.33805913498531,1.94202124198964,-1.70041856748552,0.0383936152965004,-1.53398581756029,0.116118011516021,-0.496677773338575,-0.384324778541071
"Geococcyx_californianus",-1.75687087960045,-1.25215248828344,0.501877883835488,0.0385713934744085,0.0878947874681949,-0.23465749233639,-0.218690384111096,0.000813104596868431
"Eurypyga_helias",1.49882190604607,3.03929633518269,2.38697211850322,-0.304143800617651,1.92621212318695,-0.378355482283232,0.207429604179662,0.0688352116590204
"Rhynochetos_jubatus",1.87330297887314,-1.75264998737782,0.298045312716987,-0.40351445820034,0.163030817630934,-0.429727067184265,-0.0503820506216576,-0.225683707436286
"Cariama_cristata",2.91080048120899,-0.464145005824733,0.125553278125597,-1.47795401325314,0.0494595201356639,-0.561521341505883,-0.485266864727722,-0.185894149174947
"Chunga_burmeisteri",2.49774326064237,-0.637627483277328,-0.455423989345738,-0.225345420538753,0.736632738846705,-0.422612456579469,-0.173915376787616,-0.0491812163392326
"Falco_peregrinus",4.86428802602685,-0.340840376125945,1.05737096126133,-1.86435266845518,1.45923687883416,-0.394378763424052,0.155105514904741,-0.0560112240349217
"Herpetotheres_cachinnans",2.08507190636675,2.01057497810513,-0.263762761291929,-0.0837393963806225,0.0780794270126604,-0.0359190403629559,-0.238682202285784,-0.262714256091546
"Sapayoa_aenigma",6.52212048440709,-0.664228563633713,-1.95369080859201,-1.70773513763626,0.54374614630121,-0.747670571466807,0.102265132410109,-0.159387765634522
"Calyptomena_viridis",2.63091864727055,-1.45466356988421,-1.31023092165936,0.502641211805024,0.557296099054551,-0.457272105005326,0.116826971247334,0.251205549448473
"Smithornis_capensis",0.559709780944527,-1.45259497456441,-3.34941794284413,-1.75792611759668,0.262211294537976,-0.812894692814026,-0.0655157997191394,-0.0614350480197743
"Pitta_sordida",2.66126825278191,0.534017548307558,0.119075508152794,-0.820462128487231,-0.430942042056155,0.332571470706364,-0.192797234446143,-0.360722181969155
"Serilophus_lunatus",4.86385856268631,1.48538213725095,-1.07090085431797,0.675905124038059,1.47607363170257,-0.0885234404331984,-0.0750718534197348,-0.0396577162649065
"Neodrepanis_coruscans",8.98821669168889,0.483887457702491,0.295109364276127,-2.06102253192962,1.09773896426362,-0.343999506874426,0.189664674143076,-0.152663861110008
"Oxyruncus_cristatus",6.28460772665001,3.17098165056546,6.01430597990651,0.0528895598818013,-0.489127856953085,-0.670788924545909,-0.175315478525778,0.478853265456296
"Tachuris_rubrigastra",5.17841843265041,-1.95482234183165,-0.347710977871699,0.616402902497793,0.163404618708067,-0.51603060726496,0.15668146576419,0.183600857631529
"Mionectes_macconnelli",5.61800718553238,-2.1165489887875,0.190386455170871,1.37804138105194,0.188471211172469,-0.354962521592613,0.128068927660683,0.130034790877893
"Neopipo_cinnamomea",7.63381039097387,-2.10963247768341,1.53971350536883,1.49989311850895,2.13040784175253,-0.372592273420671,0.399007570376054,-0.0627373240864558
"Tyrannus_savana",8.29932078851923,-1.71233430842569,-0.773661203022525,0.361757602959607,0.241695478593446,-0.715588834046418,0.0924531562345338,-0.0120952173937205
"Piprites_chloris",3.30308307225553,-1.40029669640792,-0.383016418511449,0.0511632513018061,1.54617052713816,-0.410404075913014,0.229593530001108,-0.0696533221121147
"Pachyramphus_minor",7.338445892614,-2.37364679726932,1.90766010885533,0.915044782049628,0.35784268750126,0.496785665838647,-0.659039326258831,-0.0772958844822393
"Onychorhynchus_coronatus",4.23455233812361,3.64720040853901,1.66895603994577,0.764091937008352,-0.724116474446824,-1.16175882452857,0.343822081708142,-0.529092604421425
"Cephalopterus_ornatus",-5.96589704647763,1.71691465125955,2.25619541173143,0.528178373150838,-0.179188202675903,-0.94118471531546,-0.0233400013348505,-0.00882503939703271
"Manacus_manacus",6.62162019039385,-1.80706754094563,-0.70692529062449,0.0167691770686591,-3.26166964635659,0.197625349541909,1.88770293485518,-0.685134329565702
"Lepidothrix_coronata",5.93964931843935,-2.06998747089075,-1.7259856709618,0.596577624652747,-0.803928876839003,-0.242423771858014,-0.570564133942232,-0.13779817573279
"Sakesphorus_luctuosus",3.25220799922331,-2.08949249493741,0.243717154431401,0.20171272186421,0.725525030689821,-0.36811589283007,0.381668713113499,-0.205307628885459
"Hypocnemis_ochrogyna",5.41449131242439,-0.50402504320942,0.517277632293505,-1.80118994984602,-0.0024406872658726,-0.335534909658676,-0.234855038944116,-0.233178995362011
"Rhegmatorhina_hoffmannsi",5.98633492493177,-1.06450929985068,1.07947867633594,0.569620848993347,0.144771266257145,-0.295123412228312,0.0800066345646877,-0.20063416221826
"Furnarius_figulus",5.73014297405109,0.110124545901258,-0.208094414428341,-0.305354023651747,-0.354854082227165,-0.338256915129693,-0.0454461247944901,-0.0188489608668943
"Campylorhamphus_procurvoides",5.24820410469048,-1.80752345448203,-0.39844279944402,1.4645624257211,1.24937503152903,-0.455749673803767,0.303273469514758,-0.157719247208606
"Xiphorhynchus_elegans",6.17311118996832,-2.60936628423102,-1.10720119376107,-0.645153275715131,0.636209224862913,-0.319907480505821,-0.152778339909444,0.137269901941943
"Sclerurus_mexicanus",7.000049111012,-0.377601580725546,0.680038675109342,-0.174155211059738,0.847854246090019,-0.27070243926591,-0.0463154689111128,-0.0954102332632245
"Formicarius_rufipectus",2.80686478734125,2.06990138414162,-0.750437011152225,-0.846088589713305,1.9618450496336,0.0556919526600891,0.169835604415772,0.0255890046190901
"Scytalopus_superciliaris",6.89695559716487,1.5894399606583,-0.653570574087828,0.885578703709329,0.425152805979859,-0.095618620406514,-0.0652503801362519,-0.0890387168460759
"Grallaria_varia",-1.71453612922221,-1.92352053330249,-1.16806744730622,-0.522619120477239,1.33424028429951,-0.439191911882685,0.138350708714222,0.0384960191755317
"Menura_novaehollandiae",5.54292299603969,-3.46347519161517,0.682693234855974,2.44669579572702,0.00327758100192315,-0.479121906290002,0.195169002628494,0.00183984648179361
"Atrichornis_clamosus",7.91718462938608,-3.23377771491179,1.18486473475214,2.14056466211225,0.181514279215678,-0.499903157803611,0.0340705101717612,0.122164703944971
"Ptilonorhynchus_violaceus",7.37543037443017,-6.21750884207698,1.39693529409061,1.50233364541737,0.283441751231492,-0.952611905189513,0.503916243875809,-0.0456022158066049
"Climacteris_rufus",7.88301426954408,-2.84920196816953,1.15327603793372,0.685495982199419,2.48601629430068,-0.0545917287262487,0.505816046816818,-0.00229551516521266
"Pardalotus_punctatus",4.89853796957963,2.68610768700031,-1.99044038398648,-0.823920841531366,2.31802969025473,0.0474817187390868,0.440664211103207,0.0409374061327911
"Grantiella_picta",6.20655402856881,-1.296542390283,1.27634950319735,0.0669303717743672,0.760850189492089,-0.448178995229224,-0.0415517976435901,-0.0534741282267244
"Origma_solitaria",7.7705958224278,0.831735049329733,1.84817459903423,-0.825490436792656,0.0505789412445209,-0.143090775350792,-0.118435803140669,-0.129890967316213
"Dasyornis_broadbenti",8.48941935541501,-1.4800300356914,0.800711685611232,1.68900457767917,0.336847816294974,-0.555598761407449,-0.256055174148821,-0.10874004459956
"Malurus_elegans",9.76546854677714,-3.10050145530932,0.197799844913639,0.927870426807192,1.11347321768904,-0.691136379652731,0.500839462863044,0.0133736618045585
"Pomatostomus_ruficeps",5.88414267994939,-2.04063065296189,-0.0540422015148774,1.7070888538608,0.14137807133642,-0.293665437834954,0.402767931316897,-0.422203621133356
"Orthonyx_spaldingii",4.87886514221114,-4.25486926371535,-0.6144894929794,0.244212620491388,0.144438747745076,-0.147031359349685,0.00883323788016621,0.0193535695572646
"Notiomystis_cincta",9.80512206261271,0.998119262621948,0.0241001028721846,1.42460915835817,-0.290807275947465,-0.374967852199955,-0.593579484659687,0.0833835427134469
"Cnemophilus_loriae",4.16304549851442,4.04073982175045,1.97638351534663,0.140417977935338,1.55052493720119,-1.06215880303128,0.414009845801473,0.0234152899216999
"Callaeas_cinereus",3.48909065897698,-4.44204928180936,2.15128558665766,2.02451836984767,0.507341629746166,-0.785089932945652,-0.448063877364717,-0.0603039470447391
"Melanocharis_versteri",8.88936528230406,2.48056338393627,-2.47644934374739,0.210138013014752,-1.55706702442346,-0.289930080575607,-0.301512452633775,0.179991199744063
"Rhagologus_leucostigma",6.66800450704053,-2.00041304606625,0.915171041987557,2.13621271985016,0.74394629737828,-0.433324132598691,-0.0119671405975872,-0.102778471830949
"Gymnorhina_tibicen",3.00583695074572,-3.73178718877181,-0.370214548966118,2.83199398512984,0.940021815281334,-0.638703399624257,-0.0219783785581838,-0.0363359682490366
"Artamus_cinereus",6.62086314310726,-2.70943358241601,0.430240767236417,0.268076506603754,-0.825956354901114,0.160294455469591,0.130220958496378,-0.0669474423293186
"Machaerirhynchus_nigripectus",8.47988511026805,-1.05453471208844,0.0345144012972376,0.666184816882943,0.211475583909001,-0.553413074507525,-0.0666868073634558,-0.0771284727567488
"Platysteira_castanea",1.86545828765303,3.36644465494264,-0.726245843292665,0.541168826002902,0.545014781570019,-0.973326836533695,0.0457144236953679,0.0243174976279054
"Mystacornis_crossleyi",4.89906239332969,0.887112597694877,2.12109950742695,0.329712548802887,1.08340072194,0.0388368458205208,-0.130087100863186,-0.0939512863382659
"Dryoscopus_gambensis",7.88017121098468,-1.39208186829184,0.534553846535954,1.5760427664334,0.0651671996373254,-0.33580469011494,0.177601680335412,-0.147874778745096
"Aleadryas_rufinucha",5.94829798472785,1.21174048880394,-0.57298684441817,-0.812579306829306,-0.138256943285936,-0.215383821755503,-0.231599904089754,0.0417375913189858
"Coracina_coerulescens",8.13043543746101,-2.75558989399408,0.933427526736819,1.68217077251092,0.228294818040217,-0.460601427194164,0.427191196890774,0.0966471322603598
"Falcunculus_frontatus",4.32375325291336,-0.716662545577802,1.99110044562659,-1.42612613191495,1.12867971951846,-0.359354656144382,-0.11850696140643,-0.0360994747313065
"Eulacestoma_nigropectus",4.33318459103731,2.37606789061232,1.00605518992344,-0.615186629367003,3.30118111354256,0.638185476066847,0.61450148900007,0.136034687968861
"Mohoua_ochrocephala",6.42203018435485,-1.25730335621632,-0.0818978249206097,0.484627349893581,1.13427854517403,-0.574919331272951,-0.0504811442153448,-0.0591951351363604
"Ptilorrhoa_leucosticta",5.05266632805056,-1.78763607167282,-1.20722888908212,-3.44868284332245,2.51815113203178,-0.112725224276179,0.628359512051865,0.0538973174831135
"Psophodes_occidentalis",6.64894654945471,0.219631590804512,-0.49612994372846,0.741234128127285,0.648022985679804,-0.479854816258338,-0.507148102145375,-0.128017237104473
"Erpornis_zantholeuca",8.21644792303785,-0.344479525366001,-0.814950452887811,1.24666025599404,1.06153357256124,-0.379006097345346,0.199532694182253,-0.0203831082245006
"Vireo_altiloquus",6.7171223655729,0.000964623312811719,-0.223458047129285,1.64779195764524,-0.473134089217536,-0.155016611799065,0.0123693706466273,0.0108649874870131
"Pteruthius_melanotis",7.14659006318412,-1.64522501683515,-0.415114896172452,-0.731303038313669,0.352087132180736,-0.578637395337868,0.233951459358386,-0.131035432260566
"Oriolus_oriolus",4.29457824987513,-1.10017529781082,-0.996733125959857,1.84976378177906,0.640696736426922,-0.407359368513959,-0.209511715648078,-0.141536594730606
"Oreocharis_arfaki",8.89613657387727,2.0752062129186,0.715901959189424,0.446337355518459,1.54066048361195,0.0376835422324727,0.164000582367462,0.00946092983693132
"Ifrita_kowaldi",7.92381804623457,-0.116563920524708,0.811262432613925,1.01625829759718,-0.110139407724279,-0.24270542404323,0.000106403760084209,-0.147851021493156
"Myiagra_hebetior",5.74509288457486,-0.66367815560667,-0.552224657121808,-0.437425213184113,0.880302787565175,-0.470039012018814,0.18383171809255,-0.087666549797309
"Paradisaea_raggiana",3.03846490690264,-1.03440086017894,1.09853746087147,-1.57179802732328,0.665963017939142,-0.282690665841702,-0.0806792913307294,-0.123191369457903
"Rhipidura_dahli",3.08732755648963,-2.48474669052983,-0.28780242455972,2.08649005050441,0.983288489675524,-0.501814455989645,-0.0583896684566043,-0.175887531299811
"Chaetorhynchus_papuensis",6.53739921892388,-2.61415224323666,0.105381685536881,1.90325630838638,0.770010027753112,-0.640953389849138,0.0171187527160535,-0.0647955796372745
"Struthidea_cinerea",5.61300254758818,-2.74540713232462,1.76003717297407,1.21301818130587,-0.62197119938618,-0.307939918281897,0.315449001458396,-0.168302577712302
"Lanius_ludovicianus",6.67113646230591,-1.25858239710163,-1.61158395028161,1.67969744150978,-0.0843028989127543,-0.443201492364893,-0.554886610226453,-0.105398162936243
"Aphelocoma_coerulescens",5.20616348099905,3.1151946394055,1.30978568385959,0.752061610886975,-1.81197629348148,-0.558693727866598,0.291114851640133,-0.0972813319133417
"Corvus_brachyrhynchos",2.81162091729718,0.202462630293113,0.42815128220925,-1.07826771301408,-0.243963633156396,-0.157715111075653,-0.20484972306692,0.0167211839817865
"Dicrurus_megarhynchus",3.4810990935953,-1.21046532874223,0.138248062754383,1.1527025626139,-0.974283169616765,-0.152712047399297,0.229648843390134,-0.459557831876387
"Pachycephala_philippinensis",5.62741837353901,0.386995560482374,0.0455950024363764,0.987578559829408,0.513780217363519,-0.196935888509504,-0.170629848329961,0.0156775778889204
"Daphoenositta_chrysoptera",8.58426735651743,-1.18314033897299,1.59410131116721,-0.243895341428343,0.575248224102718,-0.142747494537373,0.0449031206028929,-0.0164262076432941
"Panurus_biarmicus",7.06072019630615,3.41197580107722,0.0434151889365506,0.51239106783283,-0.900620282603481,-0.395287450102803,-0.00410703706479554,-0.317089913859066
"Eremophila_alpestris",8.74366260509843,-2.75072367213249,-0.407423380133135,2.89928866429827,1.2306485322859,-0.625194037907726,0.262069705461164,-0.0514874276940252
"Calandrella_cheleensis",8.71910923969491,-4.18814683261391,-1.33308965928664,3.14793549757503,1.10422710532156,-0.765494792918752,0.617108415401995,-0.0254973262842029
"Nicator_chloris",4.1223248196611,-2.41884587775259,-0.444912619268731,1.46998859717852,0.474750685776181,-0.514133324882717,0.104429116639125,-0.0114947750540538
"Spelaeornis_formosus",7.99060842208839,-2.92376559739956,-0.0316759858144331,-0.522521127633834,3.22675510477397,0.160166053242896,0.856652455710873,0.0630671724856821
"Pomatorhinus_ruficollis",3.23617031614353,0.172199467220603,-1.05127865555601,1.2728024545253,1.14946458637001,-0.160919346606939,0.0238493517941456,-0.021895540197711
"Illadopsis_cleaveri",5.43388117182837,-0.0862359645815429,0.61606426195033,1.40217942113418,0.693947814023243,-0.26155967014356,-0.305003979246619,-0.0278620039651117
"Stachyris_dennistouni",3.62754148241838,1.28143947560542,-0.168658888983739,-0.800711915323743,0.555371717169646,-0.214755967769504,-0.292769567757361,0.0510400106237021
"Zosterops_lateralis",8.10913374661022,-3.22255533791809,-0.750229147987914,1.82766023946928,0.897885521213871,-0.064238398979646,0.172665080589166,0.00138227834492911
"Zosterops_hypoxanthus",7.28145732616194,-1.21185519235169,-0.855100496355732,1.40603056530505,1.11549791235781,-0.426033884103584,0.330318858901236,-0.0327725842210718
"Hypocryptadius_cinnamomeus",6.48518920123787,-0.823408598110148,0.335587967691325,1.4365699284887,0.313323640340308,-0.420762273554892,-0.229689891690179,0.0610131664910108
"Paradoxornis_webbianus",7.40399927339172,-2.58180036233899,1.59296060766475,0.348624059364766,0.767317828983746,-0.303121853199179,0.0471520121049918,-0.134410647040072
"Sylvia_atricapilla",8.33770377080331,-4.0430370872006,0.393510516531313,3.26808679202775,0.634130024363129,-0.725090807848922,0.122217385724896,-0.0862258404378816
"Sylvia_borin",8.62097442508187,-5.03722257720321,-1.3611684749927,3.23726167038066,0.843279580408153,-0.0991977567615625,0.185339743881997,-0.121059123008854
"Cisticola_juncidis",8.24894190182187,4.24312496233503,0.016324965036353,0.565844371132124,-0.0725346908906132,-0.926665914799903,0.121439674225783,-0.247303860375088
"Pycnonotus_jocosus",5.77015246907295,-0.606872736123701,-0.779774356819688,1.65418788360878,0.348730502541875,-0.366569765836458,-0.144999584159296,-0.128767782981415
"Pycnonotus_atriceps",7.02483332866346,-2.59073267666106,-0.0581220041265855,0.7920507321852,0.973396409705751,-0.108900581011143,0.0685222360906118,0.0869764192826024
"Cettia_cetti",8.66329693061853,-1.85098983712019,0.723469410954052,1.19274422539102,-1.07920141302069,-0.496187359539,0.0586679961931431,-0.0179676867413338
"Cettia_vulcania",6.71079502796228,0.322034246930718,1.1011585539818,1.32365389422301,0.481741113501428,-0.168380593614793,-0.197965669410646,-0.0410605850537515
"Phylloscopus_sibilatrix",9.85770334113094,-2.08948408355046,-0.191230949240182,0.273624377333557,0.197790419077796,-0.678931786482626,0.366978429069899,-0.217610314726227
"Phylloscopus_trochilus",8.64355097345144,-3.09055888363845,0.298263590961608,2.46546897808105,0.687915100208871,-0.575511656730978,0.388764863841742,-0.115004382705704
"Aegithalos_caudatus",8.72226794408247,0.838020482648577,-2.02551317345691,-1.70498167362903,1.15508271220835,0.826345758042394,-0.418593344363046,-0.0712863764371348
"Hylia_prasina",4.68195714882897,2.40836109622999,-0.258791243855381,-0.957437552678318,2.1510828997371,0.100231813403281,0.285363942780167,0.0323013035700299
"Erythrocercus_mccallii",9.20227090406227,0.411572460340824,-0.718866369459477,-1.33579496031695,-0.789650898264655,-0.583780338305621,-0.122373715065552,-0.210344804238105
"Hirundo_rustica",8.54526411536584,-4.8829529326705,-1.73350282408855,1.9966441900246,0.541054648710075,0.141955411171935,-0.0474533833012075,-0.237046332741187
"Hippolais_icterina",8.48686153762854,-4.45020948538385,0.744436092690159,2.23695879578871,0.549474108418976,0.0575154257547699,0.250234980195946,-0.137629673040049
"Acrocephalus_arundinaceus",7.24676455676427,-5.30486478579499,-0.453579803405238,2.05812603805172,0.730922153764014,-0.581807266340675,0.290000710728582,0.0598445410657162
"Oxylabes_madagascariensis",6.23579817199875,-3.14174200468767,0.867474522793445,1.102149140692,0.487945924366866,-0.451213444980647,0.077267184734568,-0.100633579304663
"Donacobius_atricapilla",4.05433481624355,-0.666708702427534,0.852255722488374,-1.42452663445699,-1.22749044010663,-0.183879180265989,0.256460708127219,-0.29215921222846
"Sylvietta_virens",7.77640743415674,-1.565470383213,-0.261645714040246,2.25483717855174,1.5573843570007,-0.414905870058354,0.342731665425116,-0.021056021533962
"Pseudopodoces_humilis",6.91211526789507,-1.44180032730025,0.904477322183265,0.738747452847191,0.363172309740412,-0.41090634892406,0.0278539818868501,-0.205618084539328
"Parus_major",7.51407565714165,-0.523687507182431,0.122269964485988,-0.0717747859139267,0.816151388125148,-0.559295408866398,-0.213308304076057,-0.0798835669668647
"Parus_atricapillus",5.98394682165129,1.07752850893155,0.0106979820557409,0.364853420116018,1.78031259425011,-0.123608577304472,0.0699253878608145,-0.0214377352216823
"Anthoscopus_minutus",8.73936960792985,0.905832189184379,1.04290820754227,-1.28902443296254,-0.337675803662429,-0.315231907546599,-0.0641295761829861,0.0609666753567587
"Rhabdornis_inornatus",9.65838060290744,-1.0822144134367,0.596907176387999,1.19237717979588,1.08700889070923,-0.422439210081328,0.263235971686347,0.00593398144655065
"Sturnus_vulgaris",9.03096408369271,-2.99473885066157,1.68329688297361,0.814521823890594,-0.33997035115098,-0.594556605378989,-0.149519760013016,0.0173775590404717
"Toxostoma_redivivum",6.12913798694556,-3.28311928591785,0.735852282252665,2.27192361253902,0.382838399829928,-0.422191910787807,0.381332534822481,0.014174956064959
"Buphagus_erythrorhynchus",7.3917700203344,-1.39946471992172,-1.66574571184019,-0.719495393181074,0.430934012783631,-0.583438842008437,-0.227205928855264,-0.122290191736261
"Turdus_merula",6.30634983790806,-2.4538821893993,0.497893267426217,2.45985896054007,0.217929220268687,-0.577618269152542,-0.264246438562871,-0.151507777943932
"Catharus_ustulatus",7.75938530945725,-2.15960256973961,0.388176952432262,2.50339114503898,-0.533310310498881,-0.632373839782369,-0.450775026302164,-0.0833206369323892
"Catharus_fuscescens",6.59426202389403,-0.305306327387825,0.669368310013516,1.1933125545101,0.625073211427955,-0.262539322724077,-0.0183852994816138,0.0445256775042195
"Erythropygia_coryphaeus",8.08666634382283,-3.09960134059145,1.10982168230461,2.19847460928752,0.0510599171313864,-0.365467639289395,0.309268990382394,-0.121340774942831
"Oenanthe_oenanthe",7.97845454168156,-3.54992457883184,0.369090144841025,2.47566563200675,0.792399602712634,-0.353453556936199,0.207678972659315,-0.0460751726208121
"Saxicola_torquatus",8.59509866207471,-2.80341733424588,-0.692014190391526,3.13406252287882,0.75336673225299,-0.60081622940588,0.25271240349288,-0.0144483201318635
"Ficedula_albicollis",8.71073139118338,-1.48643240849267,0.998117609684778,2.16403139894426,0.621454582640979,-0.474016544107747,-0.167003566917296,-0.101738370298184
"Erithacus_rubecula",8.9160806128859,-2.9672431010491,0.142013621317207,2.95393855504587,0.966603002539053,-0.628541894850419,0.103049296020819,-0.0612544332868444
"Cinclus_mexicanus",8.37629510797847,-4.20164973981089,0.332603527355639,1.50856057172733,1.14222238285483,-0.344295541410983,0.0937148128730187,-0.0632957772892696
"Tichodroma_muraria",6.31156256478662,-0.61102898545384,1.12337649060498,1.56050350611391,0.873805859199055,-0.299376177682319,-0.362981580735104,-0.0984961898925191
"Certhia_brachydactyla",8.75786689834557,-0.635786367677569,0.0770175732926172,1.9183321794427,1.58288867598234,-0.299894155556901,0.269795045209629,0.00801947230397495
"Certhia_familiaris",9.62994869116238,-2.66450767144509,0.358399351847745,2.31135060219267,1.17917125332963,-0.581730463574891,0.366076044935983,-0.0906686348532897
"Polioptila_caerulea",9.46851772222933,-3.04406085685379,0.759023219843237,1.46005790632242,0.595700585178745,-0.2288951330761,0.00835915387055999,-0.115049974580056
"Thryothorus_ludovicianus",7.20518131704461,-2.01334978284384,-0.83129402679771,0.634348491511947,0.104347943567056,-0.823992271299347,-0.246440219461145,-0.0605245693727539
"Sitta_europaea",6.26019767086794,-0.132649261349882,-0.153976152493776,-1.6048178321904,-0.213653373171482,-0.459530576635574,-0.0116292657142711,-0.0254298743305266
"Dulus_dominicus",6.38612445513018,2.93701852498345,0.952897907575497,0.668761676453857,-2.25809889028525,-0.0852474885791392,0.425421988504038,-0.279068926136557
"Bombycilla_garrulus",8.6663911483957,0.304650129545148,-2.29932292857451,-1.62751031633477,0.165282804770399,-0.718769725331932,0.0486449890847329,-0.187392819390124
"Phainopepla_nitens",8.00884072727181,-5.43777507333842,0.10187575481149,1.01735774806712,1.11999322582989,-0.0335516308371331,0.159294087214262,-0.119213904951842
"Regulus_satrapa",9.93690580634238,-1.73270701189477,0.49559072572231,1.20704970196363,1.33737650148156,-0.564232712030148,0.25028483984081,-0.0675467281179445
"Dicaeum_eximium",7.4840320075361,5.08541159851065,-1.65978443816809,0.0918865779239447,2.56715792985706,-0.819856444552454,1.01012860392722,0.0571520971704521
"Nectarinia_aspasia",9.53542900585979,-0.995470520785873,-0.21026989657029,1.39298720519909,1.10762879233966,-0.496306499780118,0.155775567169037,-0.10962217368939
"Chloropsis_hardwickii",7.61708018562331,-2.17449739104543,0.250373608832811,1.69438950619639,0.579522539188843,-0.605308668145278,-0.0426638712050742,-0.102658009512578
"Chloropsis_cyanopogon",6.84587812735847,-1.85052280784577,0.507936659201557,1.19295683754141,0.549728508182595,-0.324400120059355,-0.00423282121412941,-0.0239782007463889
"Irena_cyanogastra",5.40950571165666,-2.25142389607711,0.579768644828776,1.77668702873822,0.32235364510834,-0.440867806124056,-0.0937876001008466,0.00528540659815988
"Pheucticus_melanocephalus",6.10619538108015,-3.54328490051112,1.0722741193261,2.78938965030081,1.0416200793442,-0.407028565986746,0.352711588366623,-0.0793739670545635
"Cardinalis_cardinalis",6.21321218024711,-1.9245888985072,0.214711541787691,0.308753938594469,-0.356767555443692,-0.525542929985892,0.0380053452302271,-0.0726465087211817
"Passerina_amoena",9.21514719513922,-2.68593211281004,-0.368858235496517,2.43026196292401,0.489372559393238,-0.627108724768711,0.267536665754445,-0.0111203195031213
"Rhodinocichla_rosea",4.87024519907055,-0.742500000445448,-0.279148216587247,1.65091999543298,-0.265817372873606,-0.116580758653195,-0.304342364478678,-0.247909354554542
"Geospiza_fortis",6.93993734124753,-0.214108608575063,0.0988032461501585,0.276338906656245,-0.677835884111084,-0.415382463008325,-0.204248753791382,0.111340813504266
"Sporophila_hypoxantha",7.24387262701584,-0.0815030870857845,1.01542808814083,-0.49634034174458,0.203356056521138,-0.478449417455695,-0.295982720056327,0.0333486348561279
"Emberiza_fucata",9.22271605822311,-2.83602249569073,-0.549562800301826,3.21652064002235,0.750459984964916,-0.62669482757517,0.193382962526778,-0.0902816569160306
"Junco_hyemalis",8.93555130435566,-2.65552317652411,-3.49515960896013,-0.811439009017774,0.5137679243745,-0.0797527485006917,-0.0489028710435589,-0.128769109003333
"Zonotrichia_albicollis",6.75958919663559,-1.41690093485532,0.672964605898131,0.860130900763133,2.04797593302057,-0.413175992669385,0.259948102909373,-0.0302909978346946
"Melospiza_melodia",8.9896982740983,-2.69860737039226,-0.0060018244390192,1.84733719667396,0.527524584027721,-0.787218440370724,-0.107696115925222,-0.0999123751110597
"Spizella_passerina",9.23591597850526,-1.50287295662967,-1.71143237970242,-2.23168336565054,-1.26158425295049,-0.0786118922452528,0.0104672353748675,-0.0678357602063077
"Agelaius_phoeniceus",6.57357192201502,-2.80706313837165,-1.67183166260479,1.36137727649435,0.479067376719781,-0.817599805038864,-0.136803927349299,-0.172751312822076
"Molothrus_ater",9.4163578822985,-3.04245608858465,4.10320720369508,1.41249097440321,0.382079394391602,-0.512856233966324,-0.200098687841835,-0.0924304683810297
"Quiscalus_mexicanus",7.27301734487243,-1.01038255054084,0.685280765985934,0.700941715676626,0.00180716554265997,-0.225642579601757,-0.0474996219772142,-0.182362744665844
"Dendroica_coronata",7.84218589491854,-1.92005947413375,-0.774949836550992,0.877105089097418,0.912580354261783,-0.66983241616482,0.227774925283053,-0.160065493268795
"Dendroica_kirtlandii",6.99385291588932,-2.21030480120647,-0.959051234814766,1.94229160138246,0.0693744687943886,-0.486903688488873,0.369704899934684,-0.0444459150621644
"Calcarius_ornatus",8.09922989025501,-2.86275462785526,-0.448638791522361,3.1240224567913,0.960369382792726,-0.637663684446456,0.104556118221024,-0.0755841694186724
"Hemignathus_munroi",7.20256068859231,-2.36704934697084,-0.310343995411746,2.64303765074542,0.81494851801597,-0.541114466068234,0.118325383992923,-0.123606540182701
"Hemignathus_virens",7.83439978164794,-1.28317957973781,-0.827140013288182,0.160652077262637,0.129270234017267,-0.700017258940274,0.0445775385581643,-0.0809992989591455
"Serinus_canaria",9.19834049489863,-4.99071256007236,-0.65051673278144,2.22071905895247,1.19500854493756,0.060976175438699,0.256967812052431,-0.000895387765167376
"Loxia_curvirostra",7.71226831621554,-2.35446973743661,-0.550884451616658,0.890961361026817,1.08773647357536,-0.652146135074323,0.17595797129825,-0.0825914668325839
"Loxia_leucoptera",8.36187156427336,-4.12640891489375,-1.79228109675825,0.515334156959079,0.708523696176784,0.347700544502448,-0.0299582512030283,-0.0689145697673687
"Motacilla_alba",8.77199846622444,-2.91895460001443,-0.0682298515832838,1.84733591397032,0.477099102359501,-0.344801860275472,0.247898777910091,-0.00310046206325538
"Passer_domesticus",6.57214642961246,3.63225594597554,0.496368584595264,0.684452377966368,-0.989333451076478,-0.747751665594757,0.152368381496354,-0.347284804514763
"Peucedramus_taeniatus",6.75370217544258,-0.156766765433481,-0.436577295004889,0.0269867796910581,0.182452528488069,-0.448635474424784,-0.0653694730118262,-0.113186637713011
"Prunella_fulvescens",9.30451088375362,-2.33028415839639,-0.855631425271655,1.80249388162763,0.947559347234978,-0.681122806953784,0.17948650459118,-0.120786046029221
"Prunella_himalayana",8.88973598129362,-5.45685599357365,-0.381741624770981,1.89577302031288,1.05484695614191,-0.267779722707616,0.0255539628789861,-0.0367919674959424
"Ploceus_nigricollis",8.9186095918819,-2.05772931228278,-0.0868073238208535,1.48756264415511,0.110550696484005,-0.218309543545835,-0.118119995759832,-0.02169498491252
"Vidua_macroura",8.82957393154977,-2.77997202476578,0.89750406568128,2.52005260121063,0.612617534881121,-0.218693525347126,0.392089401478631,-0.0960275819478635
"Vidua_chalybeata",8.61095276395318,-3.52980709243116,-0.521629407046537,2.51042767494843,8.84272276245601e-05,-0.0811207629787541,0.693351255698889,-0.0765386134561387
"Modulatrix_orostruthus",5.59255684464262,-2.07028547382961,-0.745551276380288,2.11253309842208,1.61653541795804,-0.502108060243999,0.20750491490285,-0.0534262070932725
"Promerops_cafer",6.9960471030973,-2.93107237734411,0.259071106577367,1.89206456979853,0.636311882979524,-0.675579247330138,0.0304877611001142,-0.179224989666604
"Urocynchramus_pylzowi",8.16590646567653,-3.27394028483916,-0.384356734366619,3.12897056480607,1.24069908667472,-0.546860007857733,0.495242898882436,-0.0411286549048415
"Drymodes_brunneopygia",6.63902029691485,0.700304024059211,-0.000805353152192101,1.07194128728137,0.24512500183131,-0.216809988510529,-0.25580759874535,-0.0358563745034174
"Chaetops_frenatus",6.81660626149702,-1.06892369696056,1.231634111844,-1.02017158045207,0.466862069658669,-0.000910234624139222,-0.174793853478443,-0.0912796533062299
"Acanthisitta_chloris",9.42161777784166,4.92531622978808,-0.34890881159756,0.117425964642921,1.72319168206921,-0.775822457755673,0.58675713955639,-0.0216903591605289
"Melopsittacus_undulatus",6.66917357514045,-0.444783701696939,-2.95820031395546,2.07547340021442,0.946085745871287,-0.445323986651923,0.206250792376834,-0.0389781288839999
"Agapornis_roseicollis",8.65420385298756,-2.39950522133557,0.565150996215481,1.0640880245251,0.888410682274996,-0.0809639801017848,0.00770089651815556,-0.0601503461209048
"Amazona_guildingii",4.68494262923919,-3.43569599156434,0.440038309010456,1.5128372056622,-0.196768122692336,-0.942403577372122,-0.700915506859489,-0.182089098824531
"Cacatua_roseicapilla",6.63288958763077,1.52410547084834,-1.07180947234165,0.956349918671678,0.286952623357059,-0.111061698298285,-0.126345967208072,-0.114156340240774
"Probosciger_aterrimus",5.59085453925118,-1.32413705137064,1.28549903830473,1.34214785746442,0.0172357266734498,0.392876951671126,-0.680765918702728,0.0186239374789087
"Nestor_notabilis",4.01126133499293,0.804238263881314,1.31853362691555,0.755340727219151,0.132837741642274,0.0426956403141642,-0.150337941558056,-0.318524375133853
"Nyctibius_bracteatus",0.787432631327438,-1.22955633171376,-1.64322601488144,-1.76073755828112,0.30758591311309,-0.646108471598574,-0.0827257985716604,-0.124624959615505
"Nyctibius_grandis",-1.25363498386065,2.07460733104324,2.91527854570447,0.534594209038932,-1.20291852345782,-0.572534183584402,0.222647343938961,-0.188014081531563
"Podargus_strigoides",-4.21947631604505,-3.1586865627882,0.194638327308713,-2.20464439958665,-0.346099034585976,-0.561668377536633,-0.014857960745283,-0.0637924377305878
"Batrachostomus_septimus",1.15169177821144,0.681544994607487,-0.929544412706539,-0.522114998746391,-0.390882415269758,-0.143751709646947,-0.267263974666094,0.155818437344356
"Chaetura_pelagica",8.69429891690134,-0.19894187411623,-0.878896865457111,-1.71459905141586,-0.488459402709809,-0.712443433639228,-0.13161751385755,-0.25019434707782
"Hemiprocne_comata",6.51703775884104,-0.328955103263989,0.689655801098565,-0.0104758820266443,-1.1370688835714,-0.484436900956607,-0.615010550190129,-0.308601688233099
"Oreotrochilus_melanogaster",10.4127646084636,-1.96256664604497,0.0951987601397826,0.008578373553149,-0.850219057063797,-0.641915278698532,0.366072238912399,-0.448088222786868
"Calypte_anna",9.88583427038179,-1.85009724167238,-0.387087932345868,1.08321845586045,0.997816251921966,-0.281475872308908,0.161021426555933,0.0146132683106323
"Aegotheles_bennettii",3.40067705679032,3.29464124402196,1.83392367741089,0.761066340618972,-0.967818709852867,-1.10888156674399,0.0979499391157862,0.142178564942401
"Colius_striatus",6.98463257639116,0.0660644965941051,-0.437864832273118,-0.393023749714729,0.131754495595977,-0.316490502259573,-0.126292686655409,-0.179407709018844
"Urocolius_indicus",4.65983326022743,0.653943854249349,-1.41798365555932,0.709204741970019,0.232494407826435,-0.24282013766216,-0.0944446002609007,-0.24380964652028
"Buceros_rhinoceros",0.978162336905076,2.78036229833141,0.550284447408189,0.478424962465313,-0.0740618083789883,-0.75130790357872,-0.112201752497301,0.0349740661056858
"Bucorvus_abyssinicus",-6.31861997734317,1.99304474311237,0.346923527119481,0.902471698696366,-0.453608868850969,-1.24198078794406,0.0941196874960123,-0.0492132283572558
"Upupa_epops",-1.4179256391029,0.999908524625566,-2.00252462359007,-0.383425576781097,0.584201874649447,-0.153763947385178,-0.275438536478396,0.0393255328802687
"Rhinopomastus_cyanomelas",2.80002471651584,-0.120608218129829,0.893026598941349,-1.45415158014141,0.236257785566427,-0.299130135054347,-0.119611679475643,-0.216405576804807
"Galbula_dea",3.14192785647302,3.30304714795532,-0.573290775935767,0.671083045137155,-0.31319914976402,-0.841020853860287,0.0730659419251253,-0.351903081095836
"Bucco_capensis",2.33729341831058,-0.446366372856536,0.196840687899803,0.270916795076948,0.876935291799306,-0.162267001840928,0.0320290807191403,-0.0875406115199868
"Ramphastos_sulfuratus",4.0280721915157,-2.04234485374074,1.97765028905486,-2.76828189821735,0.40996085663114,-0.644329639051497,0.0457723816015245,0.111038102141058
"Semnornis_frantzii",1.51808299129213,-1.77652953434107,-0.138588102675388,-2.17444644676467,0.182164076715723,-0.62952329110739,-0.0442178160029673,0.134651738783337
"Eubucco_bourcierii",-0.527133173735699,-3.19062518368909,-3.07794455021592,-1.24640874854581,1.27624537968851,-0.820460905333473,0.361811690946134,0.0222334409352679
"Tricholaema_leucomelas",-0.8834599913809,-0.918261539883416,-0.480948096847484,-1.78504088614523,1.09965058535967,-0.419626488599541,-0.0187186728692881,0.0189008357133997
"Megalaima_haemacephala",-0.363578015753393,-2.51890253940527,0.982629252698416,-2.97557418007235,1.5162929152291,-0.597279395235391,0.233131858549228,0.0500364902715854
"Picoides_pubescens",8.432860537102,-0.199630090228489,-0.569726663344137,-1.66615254520662,0.429511562264812,-0.563664029500929,0.0500297236813287,-0.227566588720156
"Indicator_maculatus",4.25943587639897,-2.41623481708913,-2.78686805851478,-1.45521694122694,1.61627733726068,-0.928591321838139,0.565752168762125,-0.0545709992819943
"Eurystomus_gularis",4.34047219197629,3.4909637371616,0.863546415655444,0.197285123751853,0.759210393591301,-0.66558718988323,0.0424904015194453,-0.0588372589569989
"Brachypteracias_leptosomus",-2.43309081128548,2.7558123699816,-0.212765297685195,1.00948706638122,-0.56200490520195,-1.3899894228305,0.106724170813283,0.0499538293873734
"Alcedo_cyanopectus",9.75719384585681,0.095673572800685,-1.5386147908041,-1.91631994827538,0.296285288854021,-0.797652096092814,-0.0461951413340529,-0.0927090305677676
"Chloroceryle_aenea",8.32361097058395,-0.938072794443563,-0.942481612227694,0.733709810957101,0.653498686694147,-0.478361019873786,0.0851676242045731,-0.00328145308861166
"Halcyon_senegalensis",6.39565082693523,-2.0343755748042,-0.98725165526517,-0.255471490305858,0.480409181886976,-0.890105486336091,-0.227760085844857,-0.0971017306293269
"Baryphthengus_martii",-2.45479930138918,-0.0411469173168402,-3.39442578707293,1.15148139028892,0.168583848763796,-0.176036693417392,-0.141159183021635,-0.119237855381673
"Todus_mexicanus",6.41093373746504,3.81653891478093,0.546784365816585,0.612451404192668,-0.392307776164765,-0.936410235751614,0.0393650316509449,-0.0836044431095091
"Merops_nubicus",3.39874938902249,3.43179418350733,-1.05792342372602,0.732817300101588,-0.254488644070718,-0.945130543515056,0.00687615291950752,-0.0977574165107978
"Apaloderma_vittatum",1.97746766826179,-0.825903806103176,0.395877983666255,-1.91481056145098,0.718958903035756,-0.422455036926913,-0.068222136818931,-0.0900779334858071
"Trogon_melanurus",0.959490646252767,-1.52841686608539,0.316424575344944,-2.03134869582244,0.215349373288234,-0.47893507235372,0.030546465980859,-0.237947534615596
"Tyto_alba",4.78540447207809,2.95361082505088,3.00717243767272,0.0213069497359508,0.0740872051743092,-0.362119043732713,-0.212180149143094,0.0929560566812314
"Strix_occidentalis",-1.18151354503971,-1.36776053999154,0.904897109488467,1.10469988806895,0.0573584273764318,0.0704564711689479,0.260085999798689,-0.276462696081332
"Strix_nigrolineata",-0.629001993411308,-1.0358449101421,-0.525532679410192,0.563985279031369,-0.614524918161058,-0.225752800114699,-0.142754001868198,-0.251022710320911
"Glaucidium_brasilianum",2.12041719304227,-1.26009934634487,0.106478984697008,-1.67400539448595,1.39130679691508,-0.479438615708531,0.129473540313652,0.0106518140216176
"Leptosomus_discolor",3.16651644029382,-0.275752747549274,1.27889021907331,1.12558032809356,0.511477175548056,0.018075142521688,0.104550604458023,-0.186145225936152
"Nyctiprogne_leucopyga",2.72936730901257,-0.808284181094022,0.559080063312869,1.4505327625957,0.591860150171157,-0.0676324077532037,-0.164664882459427,0.123020978118349
"Caprimulgus_carolinensis",4.03905290655096,-0.609789857701707,-0.485586472878857,1.7589900203159,0.366955301151656,-0.198706985955848,0.0587103483880555,0.0659359248950792
"Chordeiles_acutipennis",1.46776014365714,-2.28661291281201,-1.99731740189062,-2.65569269339542,0.924696898326055,-0.884954357316294,0.22045155437408,-0.0312357235357328
"Sagittarius_serpentarius",1.51520268931204,-1.34633760441198,-2.65312361392722,-1.05820187889712,-2.33346433401823,-0.169180511099133,0.687780817844445,-0.201332974732043
"Pandion_haliaetus",6.13564096540681,-2.26118850829536,2.02154521759941,1.06880014313867,0.279520480304986,-0.477387750321743,-0.129453089664702,0.0208111637719845
"Spizaetus_tyrannus",4.05312337850867,-0.315827615024274,-0.497806276060633,0.371929215800198,0.854707872917357,-0.30572160369312,-0.101584482467333,-0.114699464292061
"Aquila_chrysaetos",2.07241999367596,2.90178845449717,-1.61759850714138,0.62235570528238,-0.330749740825912,-0.56847834128683,-0.0788841736205778,-0.253011807145253
"Haliaeetus_albicilla",4.03589305224938,-0.498167905777493,-0.221917878753306,-1.07986247209916,0.482709404860854,-0.426684900590087,-0.00954735743602539,-0.163454615100014
"Haliaeetus_leucocephalus",6.21652608114858,-1.53092519329321,-0.477173825218659,1.10621770885743,0.286620746953278,-0.420525827233936,-0.136475951726343,-0.0521254507984453
"Circaetus_pectoralis",3.92209367070854,2.78355123234386,1.87978707450063,0.132358340565021,-0.172967131052747,-0.226891915611905,-0.0790782981704275,-0.415266609676538
